title,url,date,time,location,platform,categories,query_relevance,source,scraped_at
Discover Events,https://lu.ma/discover?location=New%20York%20City,,,,luma_nyc,general,0,firecrawl_scraped,2025-10-23T19:41:17.245433
"Popular Events    Washington, DC",https://lu.ma/discover?location=New%20York%20City,,,,luma_nyc,general,0,firecrawl_scraped,2025-10-23T19:41:17.245564
Matcha & Vintage \| Dimatchai Pop-Up at KALEIDOS,https://lu.ma/discover?location=New%20York%20City,"Sat, Oct 25",11:00 AM,,luma_nyc,ai_events,1,firecrawl_scraped,2025-10-23T19:41:17.245754
"Sat, Oct 25, 11:00 AM",https://lu.ma/discover?location=New%20York%20City,"Sat, Oct 25",11:00 AM,,luma_nyc,general,0,firecrawl_scraped,2025-10-23T19:41:17.245817
Wayback to the Future: Celebrating the Open Web,https://lu.ma/discover?location=New%20York%20City,"Mon, Oct 27",5:00 PM,,luma_nyc,general,0,firecrawl_scraped,2025-10-23T19:41:17.245997
"Mon, Oct 27, 5:00 PM",https://lu.ma/discover?location=New%20York%20City,"Mon, Oct 27",5:00 PM,,luma_nyc,general,0,firecrawl_scraped,2025-10-23T19:41:17.246058
Riggs Library,https://lu.ma/discover?location=New%20York%20City,"Mon, Oct 27",5:00 PM,,luma_nyc,general,0,firecrawl_scraped,2025-10-23T19:41:17.246125
GTC DC: AI Pioneers Cocktail Reception,https://lu.ma/discover?location=New%20York%20City,"Mon, Oct 27",7:00 PM,,luma_nyc,ai_events,1,firecrawl_scraped,2025-10-23T19:41:17.246292
"Mon, Oct 27, 7:00 PM",https://lu.ma/discover?location=New%20York%20City,"Mon, Oct 27",7:00 PM,,luma_nyc,general,0,firecrawl_scraped,2025-10-23T19:41:17.246378
Agents for Impact - Hackathon at Howard University,https://lu.ma/discover?location=New%20York%20City,"Tue, Oct 28",5:30 PM,,luma_nyc,workshops,1,firecrawl_scraped,2025-10-23T19:41:17.246554
"Tue, Oct 28, 5:30 PM",https://lu.ma/discover?location=New%20York%20City,"Tue, Oct 28",5:30 PM,,luma_nyc,general,0,firecrawl_scraped,2025-10-23T19:41:17.246632
Defense Tech DC 008,https://lu.ma/discover?location=New%20York%20City,"Tue, Oct 28",5:30 PM,,luma_nyc,tech_meetups,1,firecrawl_scraped,2025-10-23T19:41:17.246781
"Tue, Oct 28, 5:30 PM",https://lu.ma/discover?location=New%20York%20City,"Tue, Oct 28",5:30 PM,,luma_nyc,general,0,firecrawl_scraped,2025-10-23T19:41:17.246844
Data Lightning Talks!,https://lu.ma/discover?location=New%20York%20City,"Tue, Oct 28",6:00 PM,,luma_nyc,general,0,firecrawl_scraped,2025-10-23T19:41:17.246907
"Tue, Oct 28, 6:00 PM",https://lu.ma/discover?location=New%20York%20City,"Tue, Oct 28",6:00 PM,,luma_nyc,general,0,firecrawl_scraped,2025-10-23T19:41:17.246957
2112 Pennsylvania Ave NW,https://lu.ma/discover?location=New%20York%20City,"Tue, Oct 28",6:00 PM,,luma_nyc,general,0,firecrawl_scraped,2025-10-23T19:41:17.247006
Browse by Category,https://lu.ma/discover?location=New%20York%20City,,,,luma_nyc,general,0,firecrawl_scraped,2025-10-23T19:41:17.247076
1K Events](https://luma.com/tech?k=t) [![](https://images.lumacdn.com/discovery/food-icon.png)\\,https://lu.ma/discover?location=New%20York%20City,,,,luma_nyc,tech_meetups,1,firecrawl_scraped,2025-10-23T19:41:17.247151
Food & Drink\\,https://lu.ma/discover?location=New%20York%20City,,,,luma_nyc,general,0,firecrawl_scraped,2025-10-23T19:41:17.247212
40 Events](https://luma.com/food?k=t) [![](https://images.lumacdn.com/discovery/ai-icon.png)\\,https://lu.ma/discover?location=New%20York%20City,,,,luma_nyc,ai_events,1,firecrawl_scraped,2025-10-23T19:41:17.247279
2K Events](https://luma.com/ai?k=t) [![](https://images.lumacdn.com/discovery/arts-icon.png)\\,https://lu.ma/discover?location=New%20York%20City,,,,luma_nyc,ai_events,1,firecrawl_scraped,2025-10-23T19:41:17.247337
Arts & Culture\\,https://lu.ma/discover?location=New%20York%20City,,,,luma_nyc,general,0,firecrawl_scraped,2025-10-23T19:41:17.247366
1K Events](https://luma.com/arts?k=t) [![](https://images.lumacdn.com/discovery/climate-icon.png)\\,https://lu.ma/discover?location=New%20York%20City,,,,luma_nyc,sustainability,1,firecrawl_scraped,2025-10-23T19:41:17.247425
1K Events](https://luma.com/wellness?k=t) [![](https://images.lumacdn.com/discovery/btc-icon.png)\\,https://lu.ma/discover?location=New%20York%20City,,,,luma_nyc,general,0,firecrawl_scraped,2025-10-23T19:41:17.247487
1K Events](https://luma.com/crypto?k=t),https://lu.ma/discover?location=New%20York%20City,,,,luma_nyc,general,0,firecrawl_scraped,2025-10-23T19:41:17.247544
1K Events](https://luma.com/tech?k=t) [![](https://images.lumacdn.com/discovery/ai-icon.png)\\,https://lu.ma/discover?location=New%20York%20City,,,,luma_nyc,"ai_events, tech_meetups",2,firecrawl_scraped,2025-10-23T19:41:17.247602
2K Events](https://luma.com/ai?k=t) [![](https://images.lumacdn.com/discovery/climate-icon.png)\\,https://lu.ma/discover?location=New%20York%20City,,,,luma_nyc,"ai_events, sustainability",2,firecrawl_scraped,2025-10-23T19:41:17.247664
1K Events](https://luma.com/wellness?k=t),https://lu.ma/discover?location=New%20York%20City,,,,luma_nyc,general,0,firecrawl_scraped,2025-10-23T19:41:17.247723
Food & Drink\\,https://lu.ma/discover?location=New%20York%20City,,,,luma_nyc,general,0,firecrawl_scraped,2025-10-23T19:41:17.247767
40 Events](https://luma.com/food?k=t) [![](https://images.lumacdn.com/discovery/arts-icon.png)\\,https://lu.ma/discover?location=New%20York%20City,,,,luma_nyc,general,0,firecrawl_scraped,2025-10-23T19:41:17.247825
Arts & Culture\\,https://lu.ma/discover?location=New%20York%20City,,,,luma_nyc,general,0,firecrawl_scraped,2025-10-23T19:41:17.247853
1K Events](https://luma.com/arts?k=t) [![](https://images.lumacdn.com/discovery/fitness-icon.png)\\,https://lu.ma/discover?location=New%20York%20City,,,,luma_nyc,general,0,firecrawl_scraped,2025-10-23T19:41:17.247913
941 Events](https://luma.com/fitness?k=t) [![](https://images.lumacdn.com/discovery/btc-icon.png)\\,https://lu.ma/discover?location=New%20York%20City,,,,luma_nyc,general,0,firecrawl_scraped,2025-10-23T19:41:17.247976
1K Events](https://luma.com/crypto?k=t),https://lu.ma/discover?location=New%20York%20City,,,,luma_nyc,general,0,firecrawl_scraped,2025-10-23T19:41:17.248021
Featured Calendars,https://lu.ma/discover?location=New%20York%20City,,,,luma_nyc,general,0,firecrawl_scraped,2025-10-23T19:41:17.248067
DC Data & AI Events\\,https://lu.ma/discover?location=New%20York%20City,,,,luma_nyc,ai_events,1,firecrawl_scraped,2025-10-23T19:41:17.248097
Reading Rhythms Global\\,https://lu.ma/discover?location=New%20York%20City,,,,luma_nyc,general,0,firecrawl_scraped,2025-10-23T19:41:17.248129
Not a book club. A reading party.\\,https://lu.ma/discover?location=New%20York%20City,,,,luma_nyc,general,0,firecrawl_scraped,2025-10-23T19:41:17.248209
Build Club\\,https://lu.ma/discover?location=New%20York%20City,,,,luma_nyc,general,0,firecrawl_scraped,2025-10-23T19:41:17.248237
South Park Commons\\,https://lu.ma/discover?location=New%20York%20City,,,,luma_nyc,general,0,firecrawl_scraped,2025-10-23T19:41:17.248286
Design Buddies\\,https://lu.ma/discover?location=New%20York%20City,,,,luma_nyc,general,0,firecrawl_scraped,2025-10-23T19:41:17.248316
Subscribe\\,https://lu.ma/discover?location=New%20York%20City,,,,luma_nyc,general,0,firecrawl_scraped,2025-10-23T19:41:17.248499
Cursor Community\\,https://lu.ma/discover?location=New%20York%20City,,,,luma_nyc,general,0,firecrawl_scraped,2025-10-23T19:41:17.248541
"Cursor community hosted meetups, hackathons, workshops taking place around the world.\\",https://lu.ma/discover?location=New%20York%20City,,,,luma_nyc,workshops,1,firecrawl_scraped,2025-10-23T19:41:17.248601
Subscribe\\,https://lu.ma/discover?location=New%20York%20City,,,,luma_nyc,general,0,firecrawl_scraped,2025-10-23T19:41:17.248740
The AI Collective\\,https://lu.ma/discover?location=New%20York%20City,,,,luma_nyc,ai_events,1,firecrawl_scraped,2025-10-23T19:41:17.248769
Explore Local Events,https://lu.ma/discover?location=New%20York%20City,,,,luma_nyc,general,0,firecrawl_scraped,2025-10-23T19:41:17.248964
North AmericaSouth AmericaEuropeAsia & PacificAfrica,https://lu.ma/discover?location=New%20York%20City,,,,luma_nyc,general,0,firecrawl_scraped,2025-10-23T19:41:17.249041
Las Vegas\\,https://lu.ma/discover?location=New%20York%20City,,,,luma_nyc,general,0,firecrawl_scraped,2025-10-23T19:41:17.249077
Los Angeles\\,https://lu.ma/discover?location=New%20York%20City,,,,luma_nyc,general,0,firecrawl_scraped,2025-10-23T19:41:17.249104
Mexico City\\,https://lu.ma/discover?location=New%20York%20City,,,,luma_nyc,general,0,firecrawl_scraped,2025-10-23T19:41:17.249135
Philadelphia\\,https://lu.ma/discover?location=New%20York%20City,,,,luma_nyc,general,0,firecrawl_scraped,2025-10-23T19:41:17.249166
Salt Lake City\\,https://lu.ma/discover?location=New%20York%20City,,,,luma_nyc,general,0,firecrawl_scraped,2025-10-23T19:41:17.249197
San Diego\\,https://lu.ma/discover?location=New%20York%20City,,,,luma_nyc,general,0,firecrawl_scraped,2025-10-23T19:41:17.249224
San Francisco\\,https://lu.ma/discover?location=New%20York%20City,,,,luma_nyc,general,0,firecrawl_scraped,2025-10-23T19:41:17.249253
Vancouver\\,https://lu.ma/discover?location=New%20York%20City,,,,luma_nyc,general,0,firecrawl_scraped,2025-10-23T19:41:17.249282
"Washington, DC\\",https://lu.ma/discover?location=New%20York%20City,,,,luma_nyc,general,0,firecrawl_scraped,2025-10-23T19:41:17.249311
6 Events](https://luma.com/waterloo_ca?k=p),https://lu.ma/discover?location=New%20York%20City,,,,luma_nyc,general,0,firecrawl_scraped,2025-10-23T19:41:17.249344
Discover Events,https://lu.ma/discover?location=San%20Francisco,,,,luma_sf,general,0,firecrawl_scraped,2025-10-23T19:41:19.944763
"Popular Events    Washington, DC",https://lu.ma/discover?location=San%20Francisco,,,,luma_sf,general,0,firecrawl_scraped,2025-10-23T19:41:19.944969
Matcha & Vintage \| Dimatchai Pop-Up at KALEIDOS,https://lu.ma/discover?location=San%20Francisco,"Sat, Oct 25",11:00 AM,,luma_sf,ai_events,1,firecrawl_scraped,2025-10-23T19:41:19.945266
"Sat, Oct 25, 11:00 AM",https://lu.ma/discover?location=San%20Francisco,"Sat, Oct 25",11:00 AM,,luma_sf,general,0,firecrawl_scraped,2025-10-23T19:41:19.945368
Wayback to the Future: Celebrating the Open Web,https://lu.ma/discover?location=San%20Francisco,"Mon, Oct 27",5:00 PM,,luma_sf,general,0,firecrawl_scraped,2025-10-23T19:41:19.945608
"Mon, Oct 27, 5:00 PM",https://lu.ma/discover?location=San%20Francisco,"Mon, Oct 27",5:00 PM,,luma_sf,general,0,firecrawl_scraped,2025-10-23T19:41:19.945687
Riggs Library,https://lu.ma/discover?location=San%20Francisco,"Mon, Oct 27",5:00 PM,,luma_sf,general,0,firecrawl_scraped,2025-10-23T19:41:19.945776
GTC DC: AI Pioneers Cocktail Reception,https://lu.ma/discover?location=San%20Francisco,"Mon, Oct 27",7:00 PM,,luma_sf,ai_events,1,firecrawl_scraped,2025-10-23T19:41:19.945994
"Mon, Oct 27, 7:00 PM",https://lu.ma/discover?location=San%20Francisco,"Mon, Oct 27",7:00 PM,,luma_sf,general,0,firecrawl_scraped,2025-10-23T19:41:19.946107
Agents for Impact - Hackathon at Howard University,https://lu.ma/discover?location=San%20Francisco,"Tue, Oct 28",5:30 PM,,luma_sf,workshops,1,firecrawl_scraped,2025-10-23T19:41:19.946337
"Tue, Oct 28, 5:30 PM",https://lu.ma/discover?location=San%20Francisco,"Tue, Oct 28",5:30 PM,,luma_sf,general,0,firecrawl_scraped,2025-10-23T19:41:19.946439
Defense Tech DC 008,https://lu.ma/discover?location=San%20Francisco,"Tue, Oct 28",5:30 PM,,luma_sf,tech_meetups,1,firecrawl_scraped,2025-10-23T19:41:19.946632
"Tue, Oct 28, 5:30 PM",https://lu.ma/discover?location=San%20Francisco,"Tue, Oct 28",5:30 PM,,luma_sf,general,0,firecrawl_scraped,2025-10-23T19:41:19.946713
Data Lightning Talks!,https://lu.ma/discover?location=San%20Francisco,"Tue, Oct 28",6:00 PM,,luma_sf,general,0,firecrawl_scraped,2025-10-23T19:41:19.946795
"Tue, Oct 28, 6:00 PM",https://lu.ma/discover?location=San%20Francisco,"Tue, Oct 28",6:00 PM,,luma_sf,general,0,firecrawl_scraped,2025-10-23T19:41:19.946862
2112 Pennsylvania Ave NW,https://lu.ma/discover?location=San%20Francisco,"Tue, Oct 28",6:00 PM,,luma_sf,general,0,firecrawl_scraped,2025-10-23T19:41:19.946926
Browse by Category,https://lu.ma/discover?location=San%20Francisco,,,,luma_sf,general,0,firecrawl_scraped,2025-10-23T19:41:19.947018
1K Events](https://luma.com/tech?k=t) [![](https://images.lumacdn.com/discovery/food-icon.png)\\,https://lu.ma/discover?location=San%20Francisco,,,,luma_sf,tech_meetups,1,firecrawl_scraped,2025-10-23T19:41:19.947116
Food & Drink\\,https://lu.ma/discover?location=San%20Francisco,,,,luma_sf,general,0,firecrawl_scraped,2025-10-23T19:41:19.947160
40 Events](https://luma.com/food?k=t) [![](https://images.lumacdn.com/discovery/ai-icon.png)\\,https://lu.ma/discover?location=San%20Francisco,,,,luma_sf,ai_events,1,firecrawl_scraped,2025-10-23T19:41:19.947242
2K Events](https://luma.com/ai?k=t) [![](https://images.lumacdn.com/discovery/arts-icon.png)\\,https://lu.ma/discover?location=San%20Francisco,,,,luma_sf,ai_events,1,firecrawl_scraped,2025-10-23T19:41:19.947313
Arts & Culture\\,https://lu.ma/discover?location=San%20Francisco,,,,luma_sf,general,0,firecrawl_scraped,2025-10-23T19:41:19.947348
1K Events](https://luma.com/arts?k=t) [![](https://images.lumacdn.com/discovery/climate-icon.png)\\,https://lu.ma/discover?location=San%20Francisco,,,,luma_sf,sustainability,1,firecrawl_scraped,2025-10-23T19:41:19.947421
1K Events](https://luma.com/wellness?k=t) [![](https://images.lumacdn.com/discovery/btc-icon.png)\\,https://lu.ma/discover?location=San%20Francisco,,,,luma_sf,general,0,firecrawl_scraped,2025-10-23T19:41:19.947497
1K Events](https://luma.com/crypto?k=t),https://lu.ma/discover?location=San%20Francisco,,,,luma_sf,general,0,firecrawl_scraped,2025-10-23T19:41:19.947570
1K Events](https://luma.com/tech?k=t) [![](https://images.lumacdn.com/discovery/ai-icon.png)\\,https://lu.ma/discover?location=San%20Francisco,,,,luma_sf,"ai_events, tech_meetups",2,firecrawl_scraped,2025-10-23T19:41:19.947641
2K Events](https://luma.com/ai?k=t) [![](https://images.lumacdn.com/discovery/climate-icon.png)\\,https://lu.ma/discover?location=San%20Francisco,,,,luma_sf,"ai_events, sustainability",2,firecrawl_scraped,2025-10-23T19:41:19.947714
1K Events](https://luma.com/wellness?k=t),https://lu.ma/discover?location=San%20Francisco,,,,luma_sf,general,0,firecrawl_scraped,2025-10-23T19:41:19.947787
Food & Drink\\,https://lu.ma/discover?location=San%20Francisco,,,,luma_sf,general,0,firecrawl_scraped,2025-10-23T19:41:19.947821
40 Events](https://luma.com/food?k=t) [![](https://images.lumacdn.com/discovery/arts-icon.png)\\,https://lu.ma/discover?location=San%20Francisco,,,,luma_sf,general,0,firecrawl_scraped,2025-10-23T19:41:19.947892
Arts & Culture\\,https://lu.ma/discover?location=San%20Francisco,,,,luma_sf,general,0,firecrawl_scraped,2025-10-23T19:41:19.947927
1K Events](https://luma.com/arts?k=t) [![](https://images.lumacdn.com/discovery/fitness-icon.png)\\,https://lu.ma/discover?location=San%20Francisco,,,,luma_sf,general,0,firecrawl_scraped,2025-10-23T19:41:19.948000
941 Events](https://luma.com/fitness?k=t) [![](https://images.lumacdn.com/discovery/btc-icon.png)\\,https://lu.ma/discover?location=San%20Francisco,,,,luma_sf,general,0,firecrawl_scraped,2025-10-23T19:41:19.948074
1K Events](https://luma.com/crypto?k=t),https://lu.ma/discover?location=San%20Francisco,,,,luma_sf,general,0,firecrawl_scraped,2025-10-23T19:41:19.948129
Featured Calendars,https://lu.ma/discover?location=San%20Francisco,,,,luma_sf,general,0,firecrawl_scraped,2025-10-23T19:41:19.948185
DC Data & AI Events\\,https://lu.ma/discover?location=San%20Francisco,,,,luma_sf,ai_events,1,firecrawl_scraped,2025-10-23T19:41:19.948222
Reading Rhythms Global\\,https://lu.ma/discover?location=San%20Francisco,,,,luma_sf,general,0,firecrawl_scraped,2025-10-23T19:41:19.948262
Not a book club. A reading party.\\,https://lu.ma/discover?location=San%20Francisco,,,,luma_sf,general,0,firecrawl_scraped,2025-10-23T19:41:19.948356
Build Club\\,https://lu.ma/discover?location=San%20Francisco,,,,luma_sf,general,0,firecrawl_scraped,2025-10-23T19:41:19.948391
South Park Commons\\,https://lu.ma/discover?location=San%20Francisco,,,,luma_sf,general,0,firecrawl_scraped,2025-10-23T19:41:19.948430
Design Buddies\\,https://lu.ma/discover?location=San%20Francisco,,,,luma_sf,general,0,firecrawl_scraped,2025-10-23T19:41:19.948466
Subscribe\\,https://lu.ma/discover?location=San%20Francisco,,,,luma_sf,general,0,firecrawl_scraped,2025-10-23T19:41:19.948691
Cursor Community\\,https://lu.ma/discover?location=San%20Francisco,,,,luma_sf,general,0,firecrawl_scraped,2025-10-23T19:41:19.948727
"Cursor community hosted meetups, hackathons, workshops taking place around the world.\\",https://lu.ma/discover?location=San%20Francisco,,,,luma_sf,workshops,1,firecrawl_scraped,2025-10-23T19:41:19.948796
Subscribe\\,https://lu.ma/discover?location=San%20Francisco,,,,luma_sf,general,0,firecrawl_scraped,2025-10-23T19:41:19.948968
The AI Collective\\,https://lu.ma/discover?location=San%20Francisco,,,,luma_sf,ai_events,1,firecrawl_scraped,2025-10-23T19:41:19.949006
Explore Local Events,https://lu.ma/discover?location=San%20Francisco,,,,luma_sf,general,0,firecrawl_scraped,2025-10-23T19:41:19.949228
North AmericaSouth AmericaEuropeAsia & PacificAfrica,https://lu.ma/discover?location=San%20Francisco,,,,luma_sf,general,0,firecrawl_scraped,2025-10-23T19:41:19.949324
Las Vegas\\,https://lu.ma/discover?location=San%20Francisco,,,,luma_sf,general,0,firecrawl_scraped,2025-10-23T19:41:19.949370
Los Angeles\\,https://lu.ma/discover?location=San%20Francisco,,,,luma_sf,general,0,firecrawl_scraped,2025-10-23T19:41:19.949404
Mexico City\\,https://lu.ma/discover?location=San%20Francisco,,,,luma_sf,general,0,firecrawl_scraped,2025-10-23T19:41:19.949439
Philadelphia\\,https://lu.ma/discover?location=San%20Francisco,,,,luma_sf,general,0,firecrawl_scraped,2025-10-23T19:41:19.949489
Salt Lake City\\,https://lu.ma/discover?location=San%20Francisco,,,,luma_sf,general,0,firecrawl_scraped,2025-10-23T19:41:19.949528
San Diego\\,https://lu.ma/discover?location=San%20Francisco,,,,luma_sf,general,0,firecrawl_scraped,2025-10-23T19:41:19.949562
San Francisco\\,https://lu.ma/discover?location=San%20Francisco,,,,luma_sf,general,0,firecrawl_scraped,2025-10-23T19:41:19.949598
Vancouver\\,https://lu.ma/discover?location=San%20Francisco,,,,luma_sf,general,0,firecrawl_scraped,2025-10-23T19:41:19.949634
"Washington, DC\\",https://lu.ma/discover?location=San%20Francisco,,,,luma_sf,general,0,firecrawl_scraped,2025-10-23T19:41:19.949670
6 Events](https://luma.com/waterloo_ca?k=p),https://lu.ma/discover?location=San%20Francisco,,,,luma_sf,general,0,firecrawl_scraped,2025-10-23T19:41:19.949711
Discover Events,https://lu.ma/discover?location=Chicago,,,,luma_chicago,general,0,firecrawl_scraped,2025-10-23T19:41:22.608518
"Popular Events    Washington, DC",https://lu.ma/discover?location=Chicago,,,,luma_chicago,general,0,firecrawl_scraped,2025-10-23T19:41:22.608642
Matcha & Vintage \| Dimatchai Pop-Up at KALEIDOS,https://lu.ma/discover?location=Chicago,"Sat, Oct 25",11:00 AM,,luma_chicago,ai_events,1,firecrawl_scraped,2025-10-23T19:41:22.608830
"Sat, Oct 25, 11:00 AM",https://lu.ma/discover?location=Chicago,"Sat, Oct 25",11:00 AM,,luma_chicago,general,0,firecrawl_scraped,2025-10-23T19:41:22.608891
Wayback to the Future: Celebrating the Open Web,https://lu.ma/discover?location=Chicago,"Mon, Oct 27",5:00 PM,,luma_chicago,general,0,firecrawl_scraped,2025-10-23T19:41:22.609099
"Mon, Oct 27, 5:00 PM",https://lu.ma/discover?location=Chicago,"Mon, Oct 27",5:00 PM,,luma_chicago,general,0,firecrawl_scraped,2025-10-23T19:41:22.609159
Riggs Library,https://lu.ma/discover?location=Chicago,"Mon, Oct 27",5:00 PM,,luma_chicago,general,0,firecrawl_scraped,2025-10-23T19:41:22.609226
GTC DC: AI Pioneers Cocktail Reception,https://lu.ma/discover?location=Chicago,"Mon, Oct 27",7:00 PM,,luma_chicago,ai_events,1,firecrawl_scraped,2025-10-23T19:41:22.609393
"Mon, Oct 27, 7:00 PM",https://lu.ma/discover?location=Chicago,"Mon, Oct 27",7:00 PM,,luma_chicago,general,0,firecrawl_scraped,2025-10-23T19:41:22.609479
Agents for Impact - Hackathon at Howard University,https://lu.ma/discover?location=Chicago,"Tue, Oct 28",5:30 PM,,luma_chicago,workshops,1,firecrawl_scraped,2025-10-23T19:41:22.609656
"Tue, Oct 28, 5:30 PM",https://lu.ma/discover?location=Chicago,"Tue, Oct 28",5:30 PM,,luma_chicago,general,0,firecrawl_scraped,2025-10-23T19:41:22.609734
Defense Tech DC 008,https://lu.ma/discover?location=Chicago,"Tue, Oct 28",5:30 PM,,luma_chicago,tech_meetups,1,firecrawl_scraped,2025-10-23T19:41:22.609883
"Tue, Oct 28, 5:30 PM",https://lu.ma/discover?location=Chicago,"Tue, Oct 28",5:30 PM,,luma_chicago,general,0,firecrawl_scraped,2025-10-23T19:41:22.609946
Data Lightning Talks!,https://lu.ma/discover?location=Chicago,"Tue, Oct 28",6:00 PM,,luma_chicago,general,0,firecrawl_scraped,2025-10-23T19:41:22.610010
"Tue, Oct 28, 6:00 PM",https://lu.ma/discover?location=Chicago,"Tue, Oct 28",6:00 PM,,luma_chicago,general,0,firecrawl_scraped,2025-10-23T19:41:22.610062
2112 Pennsylvania Ave NW,https://lu.ma/discover?location=Chicago,"Tue, Oct 28",6:00 PM,,luma_chicago,general,0,firecrawl_scraped,2025-10-23T19:41:22.610112
Browse by Category,https://lu.ma/discover?location=Chicago,,,,luma_chicago,general,0,firecrawl_scraped,2025-10-23T19:41:22.610183
1K Events](https://luma.com/tech?k=t) [![](https://images.lumacdn.com/discovery/food-icon.png)\\,https://lu.ma/discover?location=Chicago,,,,luma_chicago,tech_meetups,1,firecrawl_scraped,2025-10-23T19:41:22.610257
Food & Drink\\,https://lu.ma/discover?location=Chicago,,,,luma_chicago,general,0,firecrawl_scraped,2025-10-23T19:41:22.610291
40 Events](https://luma.com/food?k=t) [![](https://images.lumacdn.com/discovery/ai-icon.png)\\,https://lu.ma/discover?location=Chicago,,,,luma_chicago,ai_events,1,firecrawl_scraped,2025-10-23T19:41:22.610362
2K Events](https://luma.com/ai?k=t) [![](https://images.lumacdn.com/discovery/arts-icon.png)\\,https://lu.ma/discover?location=Chicago,,,,luma_chicago,ai_events,1,firecrawl_scraped,2025-10-23T19:41:22.610433
Arts & Culture\\,https://lu.ma/discover?location=Chicago,,,,luma_chicago,general,0,firecrawl_scraped,2025-10-23T19:41:22.610468
1K Events](https://luma.com/arts?k=t) [![](https://images.lumacdn.com/discovery/climate-icon.png)\\,https://lu.ma/discover?location=Chicago,,,,luma_chicago,sustainability,1,firecrawl_scraped,2025-10-23T19:41:22.610540
1K Events](https://luma.com/wellness?k=t) [![](https://images.lumacdn.com/discovery/btc-icon.png)\\,https://lu.ma/discover?location=Chicago,,,,luma_chicago,general,0,firecrawl_scraped,2025-10-23T19:41:22.610616
1K Events](https://luma.com/crypto?k=t),https://lu.ma/discover?location=Chicago,,,,luma_chicago,general,0,firecrawl_scraped,2025-10-23T19:41:22.610687
1K Events](https://luma.com/tech?k=t) [![](https://images.lumacdn.com/discovery/ai-icon.png)\\,https://lu.ma/discover?location=Chicago,,,,luma_chicago,"ai_events, tech_meetups",2,firecrawl_scraped,2025-10-23T19:41:22.610759
2K Events](https://luma.com/ai?k=t) [![](https://images.lumacdn.com/discovery/climate-icon.png)\\,https://lu.ma/discover?location=Chicago,,,,luma_chicago,"ai_events, sustainability",2,firecrawl_scraped,2025-10-23T19:41:22.610831
1K Events](https://luma.com/wellness?k=t),https://lu.ma/discover?location=Chicago,,,,luma_chicago,general,0,firecrawl_scraped,2025-10-23T19:41:22.610904
Food & Drink\\,https://lu.ma/discover?location=Chicago,,,,luma_chicago,general,0,firecrawl_scraped,2025-10-23T19:41:22.610938
40 Events](https://luma.com/food?k=t) [![](https://images.lumacdn.com/discovery/arts-icon.png)\\,https://lu.ma/discover?location=Chicago,,,,luma_chicago,general,0,firecrawl_scraped,2025-10-23T19:41:22.611009
Arts & Culture\\,https://lu.ma/discover?location=Chicago,,,,luma_chicago,general,0,firecrawl_scraped,2025-10-23T19:41:22.611043
1K Events](https://luma.com/arts?k=t) [![](https://images.lumacdn.com/discovery/fitness-icon.png)\\,https://lu.ma/discover?location=Chicago,,,,luma_chicago,general,0,firecrawl_scraped,2025-10-23T19:41:22.611115
941 Events](https://luma.com/fitness?k=t) [![](https://images.lumacdn.com/discovery/btc-icon.png)\\,https://lu.ma/discover?location=Chicago,,,,luma_chicago,general,0,firecrawl_scraped,2025-10-23T19:41:22.611188
1K Events](https://luma.com/crypto?k=t),https://lu.ma/discover?location=Chicago,,,,luma_chicago,general,0,firecrawl_scraped,2025-10-23T19:41:22.611243
Featured Calendars,https://lu.ma/discover?location=Chicago,,,,luma_chicago,general,0,firecrawl_scraped,2025-10-23T19:41:22.611299
DC Data & AI Events\\,https://lu.ma/discover?location=Chicago,,,,luma_chicago,ai_events,1,firecrawl_scraped,2025-10-23T19:41:22.611336
Reading Rhythms Global\\,https://lu.ma/discover?location=Chicago,,,,luma_chicago,general,0,firecrawl_scraped,2025-10-23T19:41:22.611376
Not a book club. A reading party.\\,https://lu.ma/discover?location=Chicago,,,,luma_chicago,general,0,firecrawl_scraped,2025-10-23T19:41:22.611470
Build Club\\,https://lu.ma/discover?location=Chicago,,,,luma_chicago,general,0,firecrawl_scraped,2025-10-23T19:41:22.611504
South Park Commons\\,https://lu.ma/discover?location=Chicago,,,,luma_chicago,general,0,firecrawl_scraped,2025-10-23T19:41:22.611543
Design Buddies\\,https://lu.ma/discover?location=Chicago,,,,luma_chicago,general,0,firecrawl_scraped,2025-10-23T19:41:22.611579
Subscribe\\,https://lu.ma/discover?location=Chicago,,,,luma_chicago,general,0,firecrawl_scraped,2025-10-23T19:41:22.611798
Cursor Community\\,https://lu.ma/discover?location=Chicago,,,,luma_chicago,general,0,firecrawl_scraped,2025-10-23T19:41:22.611833
"Cursor community hosted meetups, hackathons, workshops taking place around the world.\\",https://lu.ma/discover?location=Chicago,,,,luma_chicago,workshops,1,firecrawl_scraped,2025-10-23T19:41:22.611903
Subscribe\\,https://lu.ma/discover?location=Chicago,,,,luma_chicago,general,0,firecrawl_scraped,2025-10-23T19:41:22.612074
The AI Collective\\,https://lu.ma/discover?location=Chicago,,,,luma_chicago,ai_events,1,firecrawl_scraped,2025-10-23T19:41:22.612114
Explore Local Events,https://lu.ma/discover?location=Chicago,,,,luma_chicago,general,0,firecrawl_scraped,2025-10-23T19:41:22.612334
North AmericaSouth AmericaEuropeAsia & PacificAfrica,https://lu.ma/discover?location=Chicago,,,,luma_chicago,general,0,firecrawl_scraped,2025-10-23T19:41:22.612427
Las Vegas\\,https://lu.ma/discover?location=Chicago,,,,luma_chicago,general,0,firecrawl_scraped,2025-10-23T19:41:22.612463
Los Angeles\\,https://lu.ma/discover?location=Chicago,,,,luma_chicago,general,0,firecrawl_scraped,2025-10-23T19:41:22.612491
Mexico City\\,https://lu.ma/discover?location=Chicago,,,,luma_chicago,general,0,firecrawl_scraped,2025-10-23T19:41:22.612519
Philadelphia\\,https://lu.ma/discover?location=Chicago,,,,luma_chicago,general,0,firecrawl_scraped,2025-10-23T19:41:22.612550
Salt Lake City\\,https://lu.ma/discover?location=Chicago,,,,luma_chicago,general,0,firecrawl_scraped,2025-10-23T19:41:22.612581
San Diego\\,https://lu.ma/discover?location=Chicago,,,,luma_chicago,general,0,firecrawl_scraped,2025-10-23T19:41:22.612608
San Francisco\\,https://lu.ma/discover?location=Chicago,,,,luma_chicago,general,0,firecrawl_scraped,2025-10-23T19:41:22.612637
Vancouver\\,https://lu.ma/discover?location=Chicago,,,,luma_chicago,general,0,firecrawl_scraped,2025-10-23T19:41:22.612667
"Washington, DC\\",https://lu.ma/discover?location=Chicago,,,,luma_chicago,general,0,firecrawl_scraped,2025-10-23T19:41:22.612696
6 Events](https://luma.com/waterloo_ca?k=p),https://lu.ma/discover?location=Chicago,,,,luma_chicago,general,0,firecrawl_scraped,2025-10-23T19:41:22.612730
Discover Events,https://lu.ma/discover?location=Austin,,,,luma_austin,general,0,firecrawl_scraped,2025-10-23T19:41:25.277508
Popular Events    New York,https://lu.ma/discover?location=Austin,,,,luma_austin,general,0,firecrawl_scraped,2025-10-23T19:41:25.277633
Chai Room: Ghar Wali Diwali,https://lu.ma/discover?location=Austin,,,,luma_austin,ai_events,1,firecrawl_scraped,2025-10-23T19:41:25.277797
"Founder Breakfast (Hosted by Fibe, GV, Rho)",https://lu.ma/discover?location=Austin,,,,luma_austin,general,0,firecrawl_scraped,2025-10-23T19:41:25.278004
Re-Industrializing America with David Ulevitch,https://lu.ma/discover?location=Austin,,,,luma_austin,general,0,firecrawl_scraped,2025-10-23T19:41:25.278170
Building AI Agents for the Enterprise,https://lu.ma/discover?location=Austin,,,,luma_austin,ai_events,1,firecrawl_scraped,2025-10-23T19:41:25.278321
Data Driven NYC \119,https://lu.ma/discover?location=Austin,,,,luma_austin,general,0,firecrawl_scraped,2025-10-23T19:41:25.278467
Building with Cursor: Designer edition,https://lu.ma/discover?location=Austin,,,,luma_austin,general,0,firecrawl_scraped,2025-10-23T19:41:25.278607
Browse by Category,https://lu.ma/discover?location=Austin,,,,luma_austin,general,0,firecrawl_scraped,2025-10-23T19:41:25.278672
1K Events](https://luma.com/tech?k=t) [![](https://images.lumacdn.com/discovery/food-icon.png)\\,https://lu.ma/discover?location=Austin,,,,luma_austin,tech_meetups,1,firecrawl_scraped,2025-10-23T19:41:25.278734
Food & Drink\\,https://lu.ma/discover?location=Austin,,,,luma_austin,general,0,firecrawl_scraped,2025-10-23T19:41:25.278762
40 Events](https://luma.com/food?k=t) [![](https://images.lumacdn.com/discovery/ai-icon.png)\\,https://lu.ma/discover?location=Austin,,,,luma_austin,ai_events,1,firecrawl_scraped,2025-10-23T19:41:25.278821
2K Events](https://luma.com/ai?k=t) [![](https://images.lumacdn.com/discovery/arts-icon.png)\\,https://lu.ma/discover?location=Austin,,,,luma_austin,ai_events,1,firecrawl_scraped,2025-10-23T19:41:25.278879
Arts & Culture\\,https://lu.ma/discover?location=Austin,,,,luma_austin,general,0,firecrawl_scraped,2025-10-23T19:41:25.278908
1K Events](https://luma.com/arts?k=t) [![](https://images.lumacdn.com/discovery/climate-icon.png)\\,https://lu.ma/discover?location=Austin,,,,luma_austin,sustainability,1,firecrawl_scraped,2025-10-23T19:41:25.278968
1K Events](https://luma.com/wellness?k=t) [![](https://images.lumacdn.com/discovery/btc-icon.png)\\,https://lu.ma/discover?location=Austin,,,,luma_austin,general,0,firecrawl_scraped,2025-10-23T19:41:25.279030
1K Events](https://luma.com/crypto?k=t),https://lu.ma/discover?location=Austin,,,,luma_austin,general,0,firecrawl_scraped,2025-10-23T19:41:25.279088
1K Events](https://luma.com/tech?k=t) [![](https://images.lumacdn.com/discovery/ai-icon.png)\\,https://lu.ma/discover?location=Austin,,,,luma_austin,"ai_events, tech_meetups",2,firecrawl_scraped,2025-10-23T19:41:25.279146
2K Events](https://luma.com/ai?k=t) [![](https://images.lumacdn.com/discovery/climate-icon.png)\\,https://lu.ma/discover?location=Austin,,,,luma_austin,"ai_events, sustainability",2,firecrawl_scraped,2025-10-23T19:41:25.279205
1K Events](https://luma.com/wellness?k=t),https://lu.ma/discover?location=Austin,,,,luma_austin,general,0,firecrawl_scraped,2025-10-23T19:41:25.279282
Food & Drink\\,https://lu.ma/discover?location=Austin,,,,luma_austin,general,0,firecrawl_scraped,2025-10-23T19:41:25.279328
40 Events](https://luma.com/food?k=t) [![](https://images.lumacdn.com/discovery/arts-icon.png)\\,https://lu.ma/discover?location=Austin,,,,luma_austin,general,0,firecrawl_scraped,2025-10-23T19:41:25.279390
Arts & Culture\\,https://lu.ma/discover?location=Austin,,,,luma_austin,general,0,firecrawl_scraped,2025-10-23T19:41:25.279418
1K Events](https://luma.com/arts?k=t) [![](https://images.lumacdn.com/discovery/fitness-icon.png)\\,https://lu.ma/discover?location=Austin,,,,luma_austin,general,0,firecrawl_scraped,2025-10-23T19:41:25.279478
941 Events](https://luma.com/fitness?k=t) [![](https://images.lumacdn.com/discovery/btc-icon.png)\\,https://lu.ma/discover?location=Austin,,,,luma_austin,general,0,firecrawl_scraped,2025-10-23T19:41:25.279538
1K Events](https://luma.com/crypto?k=t),https://lu.ma/discover?location=Austin,,,,luma_austin,general,0,firecrawl_scraped,2025-10-23T19:41:25.279583
Featured Calendars,https://lu.ma/discover?location=Austin,,,,luma_austin,general,0,firecrawl_scraped,2025-10-23T19:41:25.279726
Subscribe\\,https://lu.ma/discover?location=Austin,,,,luma_austin,general,0,firecrawl_scraped,2025-10-23T19:41:25.279840
The New York Philosophy Club\\,https://lu.ma/discover?location=Austin,,,,luma_austin,general,0,firecrawl_scraped,2025-10-23T19:41:25.279874
Subscribe\\,https://lu.ma/discover?location=Austin,,,,luma_austin,general,0,firecrawl_scraped,2025-10-23T19:41:25.280021
Reading Rhythms NYC\\,https://lu.ma/discover?location=Austin,,,,luma_austin,general,0,firecrawl_scraped,2025-10-23T19:41:25.280052
New York · Not a book club. A reading party.\\,https://lu.ma/discover?location=Austin,,,,luma_austin,general,0,firecrawl_scraped,2025-10-23T19:41:25.280296
Subscribe\\,https://lu.ma/discover?location=Austin,,,,luma_austin,general,0,firecrawl_scraped,2025-10-23T19:41:25.280515
RecCreate Collective\\,https://lu.ma/discover?location=Austin,,,,luma_austin,general,0,firecrawl_scraped,2025-10-23T19:41:25.280558
Subscribe\\,https://lu.ma/discover?location=Austin,,,,luma_austin,general,0,firecrawl_scraped,2025-10-23T19:41:25.280775
Third Place Bar Event Calendar\\,https://luma.com/thirdplacebarnyc?k=c,,,,luma_austin,general,0,firecrawl_scraped,2025-10-23T19:41:25.280943
Subscribe\\,https://luma.com/thirdplacebarnyc?k=c,,,,luma_austin,general,0,firecrawl_scraped,2025-10-23T19:41:25.281134
NYC Running Events Calendar\\,https://lu.ma/discover?location=Austin,,,,luma_austin,general,0,firecrawl_scraped,2025-10-23T19:41:25.281170
Subscribe\\,https://lu.ma/discover?location=Austin,,,,luma_austin,general,0,firecrawl_scraped,2025-10-23T19:41:25.281375
Welcome to Chinatown\\,https://lu.ma/discover?location=Austin,,,,luma_austin,general,0,firecrawl_scraped,2025-10-23T19:41:25.281413
Subscribe\\,https://lu.ma/discover?location=Austin,,,,luma_austin,general,0,firecrawl_scraped,2025-10-23T19:41:25.281738
Generative AI New York\\,https://lu.ma/discover?location=Austin,,,,luma_austin,ai_events,1,firecrawl_scraped,2025-10-23T19:41:25.281772
Subscribe\\,https://lu.ma/discover?location=Austin,,,,luma_austin,general,0,firecrawl_scraped,2025-10-23T19:41:25.282997
NYC Backgammon Club\\,https://lu.ma/discover?location=Austin,,,,luma_austin,general,0,firecrawl_scraped,2025-10-23T19:41:25.283043
New York · Social club to play + learn backgammon 🎲\\,https://lu.ma/discover?location=Austin,,,,luma_austin,general,0,firecrawl_scraped,2025-10-23T19:41:25.283284
Subscribe\\,https://lu.ma/discover?location=Austin,,,,luma_austin,general,0,firecrawl_scraped,2025-10-23T19:41:25.283492
Fabrik NYC\\,https://lu.ma/discover?location=Austin,,,,luma_austin,general,0,firecrawl_scraped,2025-10-23T19:41:25.283522
Subscribe\\,https://lu.ma/discover?location=Austin,,,Subscribe\\,luma_austin,general,0,firecrawl_scraped,2025-10-23T19:41:25.283790
Reading Rhythms Global\\,https://lu.ma/discover?location=Austin,,,,luma_austin,general,0,firecrawl_scraped,2025-10-23T19:41:25.283819
Not a book club. A reading party.\\,https://lu.ma/discover?location=Austin,,,,luma_austin,general,0,firecrawl_scraped,2025-10-23T19:41:25.283954
Subscribe\\,https://lu.ma/discover?location=Austin,,,,luma_austin,general,0,firecrawl_scraped,2025-10-23T19:41:25.284079
Build Club\\,https://lu.ma/discover?location=Austin,,,,luma_austin,general,0,firecrawl_scraped,2025-10-23T19:41:25.284104
Subscribe\\,https://lu.ma/discover?location=Austin,,,,luma_austin,general,0,firecrawl_scraped,2025-10-23T19:41:25.284273
South Park Commons\\,https://lu.ma/discover?location=Austin,,,,luma_austin,general,0,firecrawl_scraped,2025-10-23T19:41:25.284300
Subscribe\\,https://lu.ma/discover?location=Austin,,,,luma_austin,general,0,firecrawl_scraped,2025-10-23T19:41:25.284445
Design Buddies\\,https://lu.ma/discover?location=Austin,,,,luma_austin,general,0,firecrawl_scraped,2025-10-23T19:41:25.284470
Subscribe\\,https://lu.ma/discover?location=Austin,,,,luma_austin,general,0,firecrawl_scraped,2025-10-23T19:41:25.284634
Subscribe\\,https://lu.ma/discover?location=Austin,,,,luma_austin,general,0,firecrawl_scraped,2025-10-23T19:41:25.284790
Cursor Community\\,https://lu.ma/discover?location=Austin,,,,luma_austin,general,0,firecrawl_scraped,2025-10-23T19:41:25.284815
"Cursor community hosted meetups, hackathons, workshops taking place around the world.\\",https://lu.ma/discover?location=Austin,,,,luma_austin,workshops,1,firecrawl_scraped,2025-10-23T19:41:25.284863
Subscribe\\,https://lu.ma/discover?location=Austin,,,,luma_austin,general,0,firecrawl_scraped,2025-10-23T19:41:25.284981
The AI Collective\\,https://lu.ma/discover?location=Austin,,,,luma_austin,ai_events,1,firecrawl_scraped,2025-10-23T19:41:25.285007
Explore Local Events,https://lu.ma/discover?location=Austin,,,,luma_austin,general,0,firecrawl_scraped,2025-10-23T19:41:25.285160
North AmericaSouth AmericaEuropeAsia & PacificAfrica,https://lu.ma/discover?location=Austin,,,,luma_austin,general,0,firecrawl_scraped,2025-10-23T19:41:25.285244
Las Vegas\\,https://lu.ma/discover?location=Austin,,,,luma_austin,general,0,firecrawl_scraped,2025-10-23T19:41:25.285278
Los Angeles\\,https://lu.ma/discover?location=Austin,,,,luma_austin,general,0,firecrawl_scraped,2025-10-23T19:41:25.285303
Mexico City\\,https://lu.ma/discover?location=Austin,,,,luma_austin,general,0,firecrawl_scraped,2025-10-23T19:41:25.285327
Philadelphia\\,https://lu.ma/discover?location=Austin,,,,luma_austin,general,0,firecrawl_scraped,2025-10-23T19:41:25.285354
Salt Lake City\\,https://lu.ma/discover?location=Austin,,,,luma_austin,general,0,firecrawl_scraped,2025-10-23T19:41:25.285382
San Diego\\,https://lu.ma/discover?location=Austin,,,,luma_austin,general,0,firecrawl_scraped,2025-10-23T19:41:25.285407
San Francisco\\,https://lu.ma/discover?location=Austin,,,,luma_austin,general,0,firecrawl_scraped,2025-10-23T19:41:25.285435
Vancouver\\,https://lu.ma/discover?location=Austin,,,,luma_austin,general,0,firecrawl_scraped,2025-10-23T19:41:25.285462
"Washington, DC\\",https://lu.ma/discover?location=Austin,,,,luma_austin,general,0,firecrawl_scraped,2025-10-23T19:41:25.285487
6 Events](https://luma.com/waterloo_ca?k=p),https://lu.ma/discover?location=Austin,,,,luma_austin,general,0,firecrawl_scraped,2025-10-23T19:41:25.285517
Discover Events,https://lu.ma/discover?location=Los%20Angeles,,,,luma_la,general,0,firecrawl_scraped,2025-10-23T19:41:28.033089
"Popular Events    Washington, DC",https://lu.ma/discover?location=Los%20Angeles,,,,luma_la,general,0,firecrawl_scraped,2025-10-23T19:41:28.033236
Matcha & Vintage \| Dimatchai Pop-Up at KALEIDOS,https://lu.ma/discover?location=Los%20Angeles,,,,luma_la,ai_events,1,firecrawl_scraped,2025-10-23T19:41:28.033426
Wayback to the Future: Celebrating the Open Web,https://lu.ma/discover?location=Los%20Angeles,,,,luma_la,general,0,firecrawl_scraped,2025-10-23T19:41:28.033609
Riggs Library,https://lu.ma/discover?location=Los%20Angeles,,,,luma_la,general,0,firecrawl_scraped,2025-10-23T19:41:28.033696
GTC DC: AI Pioneers Cocktail Reception,https://lu.ma/discover?location=Los%20Angeles,,,,luma_la,ai_events,1,firecrawl_scraped,2025-10-23T19:41:28.033899
Agents for Impact - Hackathon at Howard University,https://lu.ma/discover?location=Los%20Angeles,,,,luma_la,workshops,1,firecrawl_scraped,2025-10-23T19:41:28.034095
Defense Tech DC 008,https://lu.ma/discover?location=Los%20Angeles,,,,luma_la,tech_meetups,1,firecrawl_scraped,2025-10-23T19:41:28.034264
Data Lightning Talks!,https://lu.ma/discover?location=Los%20Angeles,,,,luma_la,general,0,firecrawl_scraped,2025-10-23T19:41:28.034432
2112 Pennsylvania Ave NW,https://lu.ma/discover?location=Los%20Angeles,,,,luma_la,general,0,firecrawl_scraped,2025-10-23T19:41:28.034489
Browse by Category,https://lu.ma/discover?location=Los%20Angeles,,,,luma_la,general,0,firecrawl_scraped,2025-10-23T19:41:28.034560
1K Events](https://luma.com/tech?k=t) [![](https://images.lumacdn.com/discovery/food-icon.png)\\,https://lu.ma/discover?location=Los%20Angeles,,,,luma_la,tech_meetups,1,firecrawl_scraped,2025-10-23T19:41:28.034638
Food & Drink\\,https://lu.ma/discover?location=Los%20Angeles,,,,luma_la,general,0,firecrawl_scraped,2025-10-23T19:41:28.034672
40 Events](https://luma.com/food?k=t) [![](https://images.lumacdn.com/discovery/ai-icon.png)\\,https://lu.ma/discover?location=Los%20Angeles,,,,luma_la,ai_events,1,firecrawl_scraped,2025-10-23T19:41:28.034743
2K Events](https://luma.com/ai?k=t) [![](https://images.lumacdn.com/discovery/arts-icon.png)\\,https://lu.ma/discover?location=Los%20Angeles,,,,luma_la,ai_events,1,firecrawl_scraped,2025-10-23T19:41:28.034858
Arts & Culture\\,https://lu.ma/discover?location=Los%20Angeles,,,,luma_la,general,0,firecrawl_scraped,2025-10-23T19:41:28.034900
1K Events](https://luma.com/arts?k=t) [![](https://images.lumacdn.com/discovery/climate-icon.png)\\,https://lu.ma/discover?location=Los%20Angeles,,,,luma_la,sustainability,1,firecrawl_scraped,2025-10-23T19:41:28.034973
1K Events](https://luma.com/wellness?k=t) [![](https://images.lumacdn.com/discovery/btc-icon.png)\\,https://lu.ma/discover?location=Los%20Angeles,,,,luma_la,general,0,firecrawl_scraped,2025-10-23T19:41:28.035050
1K Events](https://luma.com/crypto?k=t),https://lu.ma/discover?location=Los%20Angeles,,,,luma_la,general,0,firecrawl_scraped,2025-10-23T19:41:28.035120
1K Events](https://luma.com/tech?k=t) [![](https://images.lumacdn.com/discovery/ai-icon.png)\\,https://lu.ma/discover?location=Los%20Angeles,,,,luma_la,"ai_events, tech_meetups",2,firecrawl_scraped,2025-10-23T19:41:28.035191
2K Events](https://luma.com/ai?k=t) [![](https://images.lumacdn.com/discovery/climate-icon.png)\\,https://lu.ma/discover?location=Los%20Angeles,,,,luma_la,"ai_events, sustainability",2,firecrawl_scraped,2025-10-23T19:41:28.035263
1K Events](https://luma.com/wellness?k=t),https://lu.ma/discover?location=Los%20Angeles,,,,luma_la,general,0,firecrawl_scraped,2025-10-23T19:41:28.035336
Food & Drink\\,https://lu.ma/discover?location=Los%20Angeles,,,,luma_la,general,0,firecrawl_scraped,2025-10-23T19:41:28.035369
40 Events](https://luma.com/food?k=t) [![](https://images.lumacdn.com/discovery/arts-icon.png)\\,https://lu.ma/discover?location=Los%20Angeles,,,,luma_la,general,0,firecrawl_scraped,2025-10-23T19:41:28.035440
Arts & Culture\\,https://lu.ma/discover?location=Los%20Angeles,,,,luma_la,general,0,firecrawl_scraped,2025-10-23T19:41:28.035474
1K Events](https://luma.com/arts?k=t) [![](https://images.lumacdn.com/discovery/fitness-icon.png)\\,https://lu.ma/discover?location=Los%20Angeles,,,,luma_la,general,0,firecrawl_scraped,2025-10-23T19:41:28.035547
941 Events](https://luma.com/fitness?k=t) [![](https://images.lumacdn.com/discovery/btc-icon.png)\\,https://lu.ma/discover?location=Los%20Angeles,,,,luma_la,general,0,firecrawl_scraped,2025-10-23T19:41:28.035621
1K Events](https://luma.com/crypto?k=t),https://lu.ma/discover?location=Los%20Angeles,,,,luma_la,general,0,firecrawl_scraped,2025-10-23T19:41:28.035678
Featured Calendars,https://lu.ma/discover?location=Los%20Angeles,,,,luma_la,general,0,firecrawl_scraped,2025-10-23T19:41:28.035832
Subscribe\\,https://lu.ma/discover?location=Los%20Angeles,,,,luma_la,general,0,firecrawl_scraped,2025-10-23T19:41:28.035966
DC Data & AI Events\\,https://lu.ma/discover?location=Los%20Angeles,,,,luma_la,ai_events,1,firecrawl_scraped,2025-10-23T19:41:28.036003
Subscribe\\,https://lu.ma/discover?location=Los%20Angeles,,,,luma_la,general,0,firecrawl_scraped,2025-10-23T19:41:28.036205
Reading Rhythms Global\\,https://lu.ma/discover?location=Los%20Angeles,,,,luma_la,general,0,firecrawl_scraped,2025-10-23T19:41:28.036242
Not a book club. A reading party.\\,https://lu.ma/discover?location=Los%20Angeles,,,,luma_la,general,0,firecrawl_scraped,2025-10-23T19:41:28.036403
Subscribe\\,https://lu.ma/discover?location=Los%20Angeles,,,,luma_la,general,0,firecrawl_scraped,2025-10-23T19:41:28.036546
Build Club\\,https://lu.ma/discover?location=Los%20Angeles,,,,luma_la,general,0,firecrawl_scraped,2025-10-23T19:41:28.036577
Subscribe\\,https://lu.ma/discover?location=Los%20Angeles,,,,luma_la,general,0,firecrawl_scraped,2025-10-23T19:41:28.036782
South Park Commons\\,https://lu.ma/discover?location=Los%20Angeles,,,,luma_la,general,0,firecrawl_scraped,2025-10-23T19:41:28.036813
Subscribe\\,https://lu.ma/discover?location=Los%20Angeles,,,,luma_la,general,0,firecrawl_scraped,2025-10-23T19:41:28.036977
Design Buddies\\,https://lu.ma/discover?location=Los%20Angeles,,,,luma_la,general,0,firecrawl_scraped,2025-10-23T19:41:28.037007
Subscribe\\,https://lu.ma/discover?location=Los%20Angeles,,,,luma_la,general,0,firecrawl_scraped,2025-10-23T19:41:28.037199
Subscribe\\,https://lu.ma/discover?location=Los%20Angeles,,,,luma_la,general,0,firecrawl_scraped,2025-10-23T19:41:28.037376
Cursor Community\\,https://lu.ma/discover?location=Los%20Angeles,,,,luma_la,general,0,firecrawl_scraped,2025-10-23T19:41:28.037404
"Cursor community hosted meetups, hackathons, workshops taking place around the world.\\",https://lu.ma/discover?location=Los%20Angeles,,,,luma_la,workshops,1,firecrawl_scraped,2025-10-23T19:41:28.037461
Subscribe\\,https://lu.ma/discover?location=Los%20Angeles,,,,luma_la,general,0,firecrawl_scraped,2025-10-23T19:41:28.037599
The AI Collective\\,https://lu.ma/discover?location=Los%20Angeles,,,,luma_la,ai_events,1,firecrawl_scraped,2025-10-23T19:41:28.037630
Explore Local Events,https://lu.ma/discover?location=Los%20Angeles,,,,luma_la,general,0,firecrawl_scraped,2025-10-23T19:41:28.037810
North AmericaSouth AmericaEuropeAsia & PacificAfrica,https://lu.ma/discover?location=Los%20Angeles,,,,luma_la,general,0,firecrawl_scraped,2025-10-23T19:41:28.037888
Las Vegas\\,https://lu.ma/discover?location=Los%20Angeles,,,,luma_la,general,0,firecrawl_scraped,2025-10-23T19:41:28.037924
Los Angeles\\,https://lu.ma/discover?location=Los%20Angeles,,,,luma_la,general,0,firecrawl_scraped,2025-10-23T19:41:28.037952
Mexico City\\,https://lu.ma/discover?location=Los%20Angeles,,,,luma_la,general,0,firecrawl_scraped,2025-10-23T19:41:28.037980
Philadelphia\\,https://lu.ma/discover?location=Los%20Angeles,,,,luma_la,general,0,firecrawl_scraped,2025-10-23T19:41:28.038012
Salt Lake City\\,https://lu.ma/discover?location=Los%20Angeles,,,,luma_la,general,0,firecrawl_scraped,2025-10-23T19:41:28.038043
San Diego\\,https://lu.ma/discover?location=Los%20Angeles,,,,luma_la,general,0,firecrawl_scraped,2025-10-23T19:41:28.038071
San Francisco\\,https://lu.ma/discover?location=Los%20Angeles,,,,luma_la,general,0,firecrawl_scraped,2025-10-23T19:41:28.038115
Vancouver\\,https://lu.ma/discover?location=Los%20Angeles,,,,luma_la,general,0,firecrawl_scraped,2025-10-23T19:41:28.038147
"Washington, DC\\",https://lu.ma/discover?location=Los%20Angeles,,,,luma_la,general,0,firecrawl_scraped,2025-10-23T19:41:28.038177
6 Events](https://luma.com/waterloo_ca?k=p),https://lu.ma/discover?location=Los%20Angeles,,,,luma_la,general,0,firecrawl_scraped,2025-10-23T19:41:28.038210
find Halloween events for every vibe.,https://www.eventbrite.com/support/articles/en_US/Troubleshooting/how-to-troubleshoot-internet-browser-issues,,,,eventbrite_nyc,general,0,firecrawl_scraped,2025-10-23T19:41:30.919595
Neighborhood,https://www.eventbrite.com/d/ny--new-york/tech-events/,,,,eventbrite_nyc,general,0,firecrawl_scraped,2025-10-23T19:41:30.919650
Sunday at 2:00 PM,https://img.evbuc.com/https%3A%2F%2Fcdn.evbuc.com%2Fimages%2F1141487573%2F41882912390%2F1%2Foriginal.20251001-155256?crop=focalpoint&fit=crop&h=230&w=460&auto=format%2Ccompress&q=75&sharp=10&fp-x=0.5&fp-y=0.5&s=cbd8df42cd7da0a938041bc452ec22f1,Sunday at 2,2:00 PM,,eventbrite_nyc,general,0,firecrawl_scraped,2025-10-23T19:41:30.919816
New York · The Sixth Floor Loft,https://www.eventbrite.com/e/adorama-sony-student-educator-2nd-annual-photography-rooftop-event-tickets-1640839688679?aff=ebdssbdestsearch,Sunday at 2,2:00 PM,,eventbrite_nyc,general,0,firecrawl_scraped,2025-10-23T19:41:30.919866
4.9k followers,https://www.eventbrite.com/d/ny--new-york/tech-events/,,,,eventbrite_nyc,general,0,firecrawl_scraped,2025-10-23T19:41:30.919905
_Promoted event actions_,https://img.evbuc.com/https%3A%2F%2Fcdn.evbuc.com%2Fimages%2F1141487573%2F41882912390%2F1%2Foriginal.20251001-155256?crop=focalpoint&fit=crop&h=230&w=460&auto=format%2Ccompress&q=75&sharp=10&fp-x=0.5&fp-y=0.5&s=cbd8df42cd7da0a938041bc452ec22f1,,,,eventbrite_nyc,general,0,firecrawl_scraped,2025-10-23T19:41:30.920269
Sunday at 2:00 PM,https://img.evbuc.com/https%3A%2F%2Fcdn.evbuc.com%2Fimages%2F1141487573%2F41882912390%2F1%2Foriginal.20251001-155256?crop=focalpoint&fit=crop&h=230&w=460&auto=format%2Ccompress&q=75&sharp=10&fp-x=0.5&fp-y=0.5&s=cbd8df42cd7da0a938041bc452ec22f1,Sunday at 2,2:00 PM,,eventbrite_nyc,general,0,firecrawl_scraped,2025-10-23T19:41:30.920421
New York · The Sixth Floor Loft,https://www.eventbrite.com/e/adorama-sony-student-educator-2nd-annual-photography-rooftop-event-tickets-1640839688679?aff=ebdssbdestsearch,Sunday at 2,2:00 PM,,eventbrite_nyc,general,0,firecrawl_scraped,2025-10-23T19:41:30.920468
_Promoted event actions_,https://img.evbuc.com/https%3A%2F%2Fcdn.evbuc.com%2Fimages%2F1138045003%2F2915305303161%2F1%2Foriginal.20250928-193200?crop=focalpoint&fit=crop&h=230&w=460&auto=format%2Ccompress&q=75&sharp=10&fp-x=0.5&fp-y=0.5&s=c9833cc458dc238053f6fcd885f4149b,,,,eventbrite_nyc,general,0,firecrawl_scraped,2025-10-23T19:41:30.920782
"Wed, Nov 5, 3:30 PM",https://img.evbuc.com/https%3A%2F%2Fcdn.evbuc.com%2Fimages%2F1138045003%2F2915305303161%2F1%2Foriginal.20250928-193200?crop=focalpoint&fit=crop&h=230&w=460&auto=format%2Ccompress&q=75&sharp=10&fp-x=0.5&fp-y=0.5&s=c9833cc458dc238053f6fcd885f4149b,"Wed, Nov 5",3:30 PM,,eventbrite_nyc,general,0,firecrawl_scraped,2025-10-23T19:41:30.920885
Red Bank · 20 Broad St,https://www.eventbrite.com/e/ai-for-entrepreneurs-tickets-1751980584089?aff=ebdssbdestsearch,"Wed, Nov 5",3:30 PM,,eventbrite_nyc,general,0,firecrawl_scraped,2025-10-23T19:41:30.920932
From $115.74,https://www.eventbrite.com/d/ny--new-york/tech-events/,,,,eventbrite_nyc,general,0,firecrawl_scraped,2025-10-23T19:41:30.920976
_Save this event: AI for Entrepreneurs__Share this event: AI for Entrepreneurs_,https://img.evbuc.com/https%3A%2F%2Fcdn.evbuc.com%2Fimages%2F1138045003%2F2915305303161%2F1%2Foriginal.20250928-193200?crop=focalpoint&fit=crop&h=230&w=460&auto=format%2Ccompress&q=75&sharp=10&fp-x=0.5&fp-y=0.5&s=c9833cc458dc238053f6fcd885f4149b,,,,eventbrite_nyc,ai_events,1,firecrawl_scraped,2025-10-23T19:41:30.921058
_Promoted event actions_,https://img.evbuc.com/https%3A%2F%2Fcdn.evbuc.com%2Fimages%2F1138045003%2F2915305303161%2F1%2Foriginal.20250928-193200?crop=focalpoint&fit=crop&h=230&w=460&auto=format%2Ccompress&q=75&sharp=10&fp-x=0.5&fp-y=0.5&s=c9833cc458dc238053f6fcd885f4149b,,,,eventbrite_nyc,general,0,firecrawl_scraped,2025-10-23T19:41:30.921328
"Wed, Nov 5, 3:30 PM",https://img.evbuc.com/https%3A%2F%2Fcdn.evbuc.com%2Fimages%2F1138045003%2F2915305303161%2F1%2Foriginal.20250928-193200?crop=focalpoint&fit=crop&h=230&w=460&auto=format%2Ccompress&q=75&sharp=10&fp-x=0.5&fp-y=0.5&s=c9833cc458dc238053f6fcd885f4149b,"Wed, Nov 5",3:30 PM,,eventbrite_nyc,general,0,firecrawl_scraped,2025-10-23T19:41:30.921433
Red Bank · 20 Broad St,https://www.eventbrite.com/e/ai-for-entrepreneurs-tickets-1751980584089?aff=ebdssbdestsearch,"Wed, Nov 5",3:30 PM,,eventbrite_nyc,general,0,firecrawl_scraped,2025-10-23T19:41:30.921479
From $115.74,https://www.eventbrite.com/d/ny--new-york/tech-events/,,,,eventbrite_nyc,general,0,firecrawl_scraped,2025-10-23T19:41:30.921522
_Share this event: AI for Entrepreneurs__Save this event: AI for Entrepreneurs_,https://img.evbuc.com/https%3A%2F%2Fcdn.evbuc.com%2Fimages%2F1159934693%2F2719982135291%2F1%2Foriginal.20251022-181648?crop=focalpoint&fit=crop&h=230&w=460&auto=format%2Ccompress&q=75&sharp=10&fp-x=0.5&fp-y=0.5&s=c478fc37a5d2aad842fdf87acf183c81,,,,eventbrite_nyc,ai_events,1,firecrawl_scraped,2025-10-23T19:41:30.921603
_Promoted event actions_,https://img.evbuc.com/https%3A%2F%2Fcdn.evbuc.com%2Fimages%2F1159934693%2F2719982135291%2F1%2Foriginal.20251022-181648?crop=focalpoint&fit=crop&h=230&w=460&auto=format%2Ccompress&q=75&sharp=10&fp-x=0.5&fp-y=0.5&s=c478fc37a5d2aad842fdf87acf183c81,,,,eventbrite_nyc,general,0,firecrawl_scraped,2025-10-23T19:41:30.921905
"Fri, Oct 31, 5:00 PM",https://img.evbuc.com/https%3A%2F%2Fcdn.evbuc.com%2Fimages%2F1159934693%2F2719982135291%2F1%2Foriginal.20251022-181648?crop=focalpoint&fit=crop&h=230&w=460&auto=format%2Ccompress&q=75&sharp=10&fp-x=0.5&fp-y=0.5&s=c478fc37a5d2aad842fdf87acf183c81,"Fri, Oct 31",5:00 PM,,eventbrite_nyc,general,0,firecrawl_scraped,2025-10-23T19:41:30.922047
New York · 177 Lafayette St 2r,https://www.eventbrite.com/e/12-by-autec-private-dining-event-w-chef-alp-karataslioglu-tickets-1798224882029?aff=ebdssbdestsearch,"Fri, Oct 31",5:00 PM,,eventbrite_nyc,general,0,firecrawl_scraped,2025-10-23T19:41:30.922100
From $170.00,https://www.eventbrite.com/d/ny--new-york/tech-events/,,,,eventbrite_nyc,general,0,firecrawl_scraped,2025-10-23T19:41:30.922149
15 followers,https://www.eventbrite.com/d/ny--new-york/tech-events/,,,,eventbrite_nyc,general,0,firecrawl_scraped,2025-10-23T19:41:30.922186
_Promoted event actions_,https://img.evbuc.com/https%3A%2F%2Fcdn.evbuc.com%2Fimages%2F1159934693%2F2719982135291%2F1%2Foriginal.20251022-181648?crop=focalpoint&fit=crop&h=230&w=460&auto=format%2Ccompress&q=75&sharp=10&fp-x=0.5&fp-y=0.5&s=c478fc37a5d2aad842fdf87acf183c81,,,,eventbrite_nyc,general,0,firecrawl_scraped,2025-10-23T19:41:30.922557
"Fri, Oct 31, 5:00 PM",https://img.evbuc.com/https%3A%2F%2Fcdn.evbuc.com%2Fimages%2F1159934693%2F2719982135291%2F1%2Foriginal.20251022-181648?crop=focalpoint&fit=crop&h=230&w=460&auto=format%2Ccompress&q=75&sharp=10&fp-x=0.5&fp-y=0.5&s=c478fc37a5d2aad842fdf87acf183c81,"Fri, Oct 31",5:00 PM,,eventbrite_nyc,general,0,firecrawl_scraped,2025-10-23T19:41:30.922700
New York · 177 Lafayette St 2r,https://www.eventbrite.com/e/12-by-autec-private-dining-event-w-chef-alp-karataslioglu-tickets-1798224882029?aff=ebdssbdestsearch,"Fri, Oct 31",5:00 PM,,eventbrite_nyc,general,0,firecrawl_scraped,2025-10-23T19:41:30.922752
From $170.00,https://www.eventbrite.com/d/ny--new-york/tech-events/,,,,eventbrite_nyc,general,0,firecrawl_scraped,2025-10-23T19:41:30.922800
_Promoted event actions_,https://img.evbuc.com/https%3A%2F%2Fcdn.evbuc.com%2Fimages%2F977847543%2F1924315149053%2F1%2Foriginal.20250307-120745?crop=focalpoint&fit=crop&w=512&auto=format%2Ccompress&q=75&sharp=10&fp-x=0.005&fp-y=0.005&s=c1a81a571305379a068e00a1e4c74cb1,,,,eventbrite_nyc,general,0,firecrawl_scraped,2025-10-23T19:41:30.923111
"Wed, Nov 5, 6:30 PM",https://img.evbuc.com/https%3A%2F%2Fcdn.evbuc.com%2Fimages%2F977847543%2F1924315149053%2F1%2Foriginal.20250307-120745?crop=focalpoint&fit=crop&w=512&auto=format%2Ccompress&q=75&sharp=10&fp-x=0.005&fp-y=0.005&s=c1a81a571305379a068e00a1e4c74cb1,"Wed, Nov 5",6:30 PM,,eventbrite_nyc,general,0,firecrawl_scraped,2025-10-23T19:41:30.923226
New York · St. Pat's Bar & Grill NYC,https://www.eventbrite.com/e/tech-networking-event-in-nyc-tickets-1273694868639?aff=ebdssbdestsearch,"Wed, Nov 5",6:30 PM,,eventbrite_nyc,general,0,firecrawl_scraped,2025-10-23T19:41:30.923317
_Save this event: Tech Networking Event In NYC__Share this event: Tech Networking Event In NYC_,https://img.evbuc.com/https%3A%2F%2Fcdn.evbuc.com%2Fimages%2F977847543%2F1924315149053%2F1%2Foriginal.20250307-120745?crop=focalpoint&fit=crop&w=512&auto=format%2Ccompress&q=75&sharp=10&fp-x=0.005&fp-y=0.005&s=c1a81a571305379a068e00a1e4c74cb1,,,,eventbrite_nyc,tech_meetups,1,firecrawl_scraped,2025-10-23T19:41:30.923601
"Wed, Nov 5, 6:30 PM",https://img.evbuc.com/https%3A%2F%2Fcdn.evbuc.com%2Fimages%2F977847543%2F1924315149053%2F1%2Foriginal.20250307-120745?crop=focalpoint&fit=crop&w=512&auto=format%2Ccompress&q=75&sharp=10&fp-x=0.005&fp-y=0.005&s=c1a81a571305379a068e00a1e4c74cb1,"Wed, Nov 5",6:30 PM,,eventbrite_nyc,general,0,firecrawl_scraped,2025-10-23T19:41:30.923715
New York · St. Pat's Bar & Grill NYC,https://www.eventbrite.com/e/tech-networking-event-in-nyc-tickets-1273694868639?aff=ebdssbdestsearch,"Wed, Nov 5",6:30 PM,,eventbrite_nyc,general,0,firecrawl_scraped,2025-10-23T19:41:30.923805
_Share this event: Tech Networking Event In NYC__Save this event: Tech Networking Event In NYC_,https://img.evbuc.com/https%3A%2F%2Fcdn.evbuc.com%2Fimages%2F1159341393%2F1958616680683%2F1%2Foriginal.20251022-043936?crop=focalpoint&fit=crop&w=400&auto=format%2Ccompress&q=75&sharp=10&fp-x=0.5&fp-y=0.5&s=6a385dddd612c6c4c3823d2914d28ef8,,,,eventbrite_nyc,tech_meetups,1,firecrawl_scraped,2025-10-23T19:41:30.924096
"Thu, Nov 6, 5:30 PM",https://img.evbuc.com/https%3A%2F%2Fcdn.evbuc.com%2Fimages%2F1159341393%2F1958616680683%2F1%2Foriginal.20251022-043936?crop=focalpoint&fit=crop&w=400&auto=format%2Ccompress&q=75&sharp=10&fp-x=0.5&fp-y=0.5&s=6a385dddd612c6c4c3823d2914d28ef8,"Thu, Nov 6",5:30 PM,,eventbrite_nyc,general,0,firecrawl_scraped,2025-10-23T19:41:30.924224
New York · SAINT RESTAURANT BAR & SPEAKEASY,https://www.eventbrite.com/e/tech-alley-nyc-x-saint-ny-east-village-tickets-1781724047589?aff=ebdssbdestsearch,"Thu, Nov 6",5:30 PM,,eventbrite_nyc,ai_events,1,firecrawl_scraped,2025-10-23T19:41:30.924328
"Thu, Nov 6, 5:30 PM",https://img.evbuc.com/https%3A%2F%2Fcdn.evbuc.com%2Fimages%2F1159341393%2F1958616680683%2F1%2Foriginal.20251022-043936?crop=focalpoint&fit=crop&w=400&auto=format%2Ccompress&q=75&sharp=10&fp-x=0.5&fp-y=0.5&s=6a385dddd612c6c4c3823d2914d28ef8,"Thu, Nov 6",5:30 PM,,eventbrite_nyc,general,0,firecrawl_scraped,2025-10-23T19:41:30.924456
New York · SAINT RESTAURANT BAR & SPEAKEASY,https://www.eventbrite.com/e/tech-alley-nyc-x-saint-ny-east-village-tickets-1781724047589?aff=ebdssbdestsearch,"Thu, Nov 6",5:30 PM,,eventbrite_nyc,ai_events,1,firecrawl_scraped,2025-10-23T19:41:30.924560
"Wed, Nov 5, 7:00 PM",https://www.eventbrite.com/d/ny--new-york/tech-events/,"Wed, Nov 5",7:00 PM,,eventbrite_nyc,general,0,firecrawl_scraped,2025-10-23T19:41:30.924683
New York · Bar Hugo Rooftop,https://www.eventbrite.com/d/ny--new-york/tech-events/,"Wed, Nov 5",7:00 PM,,eventbrite_nyc,general,0,firecrawl_scraped,2025-10-23T19:41:30.924781
"Wed, Nov 5, 7:00 PM",https://www.eventbrite.com/d/ny--new-york/tech-events/,"Wed, Nov 5",7:00 PM,,eventbrite_nyc,general,0,firecrawl_scraped,2025-10-23T19:41:30.924915
New York · Bar Hugo Rooftop,https://img.evbuc.com/https%3A%2F%2Fcdn.evbuc.com%2Fimages%2F1013635223%2F529664982707%2F1%2Foriginal.20250421-235814?crop=focalpoint&fit=crop&w=400&auto=format%2Ccompress&q=75&sharp=10&fp-x=0.000625&fp-y=0.00473880597015&s=0dd12b3f60dea33fbab7673e51182ae9,"Wed, Nov 5",7:00 PM,,eventbrite_nyc,general,0,firecrawl_scraped,2025-10-23T19:41:30.925021
"Tue, Jan 27, 6:00 PM",https://img.evbuc.com/https%3A%2F%2Fcdn.evbuc.com%2Fimages%2F1013635223%2F529664982707%2F1%2Foriginal.20250421-235814?crop=focalpoint&fit=crop&w=400&auto=format%2Ccompress&q=75&sharp=10&fp-x=0.000625&fp-y=0.00473880597015&s=0dd12b3f60dea33fbab7673e51182ae9,"Tue, Jan 27",6:00 PM,,eventbrite_nyc,general,0,firecrawl_scraped,2025-10-23T19:41:30.925134
New York · New York,https://www.eventbrite.com/e/women-in-tech-new-york-city-outgeekwomen-tickets-1224235995819?aff=ebdssbdestsearch,"Tue, Jan 27",6:00 PM,,eventbrite_nyc,general,0,firecrawl_scraped,2025-10-23T19:41:30.925234
"Tue, Jan 27, 6:00 PM",https://img.evbuc.com/https%3A%2F%2Fcdn.evbuc.com%2Fimages%2F1013635223%2F529664982707%2F1%2Foriginal.20250421-235814?crop=focalpoint&fit=crop&w=400&auto=format%2Ccompress&q=75&sharp=10&fp-x=0.000625&fp-y=0.00473880597015&s=0dd12b3f60dea33fbab7673e51182ae9,"Tue, Jan 27",6:00 PM,,eventbrite_nyc,general,0,firecrawl_scraped,2025-10-23T19:41:30.925350
New York · New York,https://www.eventbrite.com/e/women-in-tech-new-york-city-outgeekwomen-tickets-1224235995819?aff=ebdssbdestsearch,"Tue, Jan 27",6:00 PM,,eventbrite_nyc,general,0,firecrawl_scraped,2025-10-23T19:41:30.925428
"Tue, Nov 11, 10:00 AM",https://img.evbuc.com/https%3A%2F%2Fcdn.evbuc.com%2Fimages%2F1093954933%2F1107152905963%2F1%2Foriginal.20250812-164114?crop=focalpoint&fit=crop&w=512&auto=format%2Ccompress&q=75&sharp=10&fp-x=0.502840909091&fp-y=0.463768115942&s=76855476abda1c46394a0e1fb07c2e84,"Tue, Nov 11",10:00 AM,,eventbrite_nyc,general,0,firecrawl_scraped,2025-10-23T19:41:30.925561
New York · Verizon Executive Education Center,https://www.eventbrite.com/e/urban-tech-summit-2025-adaptive-intelligence-activating-urban-ai-tickets-1501085710769?aff=ebdssbdestsearch,"Tue, Nov 11",10:00 AM,,eventbrite_nyc,general,0,firecrawl_scraped,2025-10-23T19:41:30.925670
"Tue, Nov 11, 10:00 AM",https://img.evbuc.com/https%3A%2F%2Fcdn.evbuc.com%2Fimages%2F1093954933%2F1107152905963%2F1%2Foriginal.20250812-164114?crop=focalpoint&fit=crop&w=512&auto=format%2Ccompress&q=75&sharp=10&fp-x=0.502840909091&fp-y=0.463768115942&s=76855476abda1c46394a0e1fb07c2e84,"Tue, Nov 11",10:00 AM,,eventbrite_nyc,general,0,firecrawl_scraped,2025-10-23T19:41:30.925821
New York · Verizon Executive Education Center,https://www.eventbrite.com/e/urban-tech-summit-2025-adaptive-intelligence-activating-urban-ai-tickets-1501085710769?aff=ebdssbdestsearch,"Tue, Nov 11",10:00 AM,,eventbrite_nyc,general,0,firecrawl_scraped,2025-10-23T19:41:30.925930
"Wed, Nov 26, 6:00 PM",https://img.evbuc.com/https%3A%2F%2Fcdn.evbuc.com%2Fimages%2F1135838993%2F2171032696763%2F1%2Foriginal.20250925-234646?w=400&auto=format%2Ccompress&q=75&sharp=10&s=1c74adbf4435fc93b876d8397213c8d4,"Wed, Nov 26",6:00 PM,,eventbrite_nyc,general,0,firecrawl_scraped,2025-10-23T19:41:30.926032
Brooklyn · Keybar,https://www.eventbrite.com/e/tech-networking-event-by-startup-valley-in-newark-tickets-1738265722569?aff=ebdssbdestsearch,"Wed, Nov 26",6:00 PM,,eventbrite_nyc,general,0,firecrawl_scraped,2025-10-23T19:41:30.926118
"Wed, Nov 26, 6:00 PM",https://img.evbuc.com/https%3A%2F%2Fcdn.evbuc.com%2Fimages%2F1135838993%2F2171032696763%2F1%2Foriginal.20250925-234646?w=400&auto=format%2Ccompress&q=75&sharp=10&s=1c74adbf4435fc93b876d8397213c8d4,"Wed, Nov 26",6:00 PM,,eventbrite_nyc,general,0,firecrawl_scraped,2025-10-23T19:41:30.926220
Brooklyn · Keybar,https://www.eventbrite.com/e/tech-networking-event-by-startup-valley-in-newark-tickets-1738265722569?aff=ebdssbdestsearch,"Wed, Nov 26",6:00 PM,,eventbrite_nyc,general,0,firecrawl_scraped,2025-10-23T19:41:30.926303
View 9 similar results,https://img.evbuc.com/https%3A%2F%2Fcdn.evbuc.com%2Fimages%2F1028583873%2F272798929277%2F1%2Foriginal.20250512-120826?crop=focalpoint&fit=crop&w=512&auto=format%2Ccompress&q=75&sharp=10&fp-x=5e-05&fp-y=5e-05&s=4195a5ee4d122d5e2b7ca7d801746fb1,,,,eventbrite_nyc,general,0,firecrawl_scraped,2025-10-23T19:41:30.926552
"Fri, Nov 21, 12:00 PM",https://img.evbuc.com/https%3A%2F%2Fcdn.evbuc.com%2Fimages%2F1028583873%2F272798929277%2F1%2Foriginal.20250512-120826?crop=focalpoint&fit=crop&w=512&auto=format%2Ccompress&q=75&sharp=10&fp-x=5e-05&fp-y=5e-05&s=4195a5ee4d122d5e2b7ca7d801746fb1,"Fri, Nov 21",12:00 PM,,eventbrite_nyc,general,0,firecrawl_scraped,2025-10-23T19:41:30.926656
New York · Fordham University School of Law,https://www.eventbrite.com/e/ghana-tech-summit-2025-ai-edition-tickets-1362903052719?aff=ebdssbdestsearch,"Fri, Nov 21",12:00 PM,,eventbrite_nyc,general,0,firecrawl_scraped,2025-10-23T19:41:30.926741
"Fri, Nov 21, 12:00 PM",https://img.evbuc.com/https%3A%2F%2Fcdn.evbuc.com%2Fimages%2F1028583873%2F272798929277%2F1%2Foriginal.20250512-120826?crop=focalpoint&fit=crop&w=512&auto=format%2Ccompress&q=75&sharp=10&fp-x=5e-05&fp-y=5e-05&s=4195a5ee4d122d5e2b7ca7d801746fb1,"Fri, Nov 21",12:00 PM,,eventbrite_nyc,general,0,firecrawl_scraped,2025-10-23T19:41:30.926844
New York · Fordham University School of Law,https://www.eventbrite.com/e/ghana-tech-summit-2025-ai-edition-tickets-1362903052719?aff=ebdssbdestsearch,"Fri, Nov 21",12:00 PM,,eventbrite_nyc,general,0,firecrawl_scraped,2025-10-23T19:41:30.926928
"Wed, Feb 11, 11:00 AM",https://img.evbuc.com/https%3A%2F%2Fcdn.evbuc.com%2Fimages%2F1151450833%2F1961150010723%2F1%2Foriginal.20251013-015325?crop=focalpoint&fit=crop&w=512&auto=format%2Ccompress&q=75&sharp=10&fp-x=0.5&fp-y=0.5&s=504dbdc6bab7211907ccf2c277b98b69,"Wed, Feb 11",11:00 AM,,eventbrite_nyc,general,0,firecrawl_scraped,2025-10-23T19:41:30.927048
Brooklyn · 26 Bridge St,https://www.eventbrite.com/e/brooklyn-tech-expo-tech4life-edition-feb-11-2026-tickets-1811789433969?aff=ebdssbdestsearch,"Wed, Feb 11",11:00 AM,,eventbrite_nyc,general,0,firecrawl_scraped,2025-10-23T19:41:30.927138
"Wed, Feb 11, 11:00 AM",https://img.evbuc.com/https%3A%2F%2Fcdn.evbuc.com%2Fimages%2F1151450833%2F1961150010723%2F1%2Foriginal.20251013-015325?crop=focalpoint&fit=crop&w=512&auto=format%2Ccompress&q=75&sharp=10&fp-x=0.5&fp-y=0.5&s=504dbdc6bab7211907ccf2c277b98b69,"Wed, Feb 11",11:00 AM,,eventbrite_nyc,general,0,firecrawl_scraped,2025-10-23T19:41:30.927245
Brooklyn · 26 Bridge St,https://www.eventbrite.com/e/brooklyn-tech-expo-tech4life-edition-feb-11-2026-tickets-1811789433969?aff=ebdssbdestsearch,"Wed, Feb 11",11:00 AM,,eventbrite_nyc,general,0,firecrawl_scraped,2025-10-23T19:41:30.927333
"Thu, Oct 30, 6:00 PM",https://img.evbuc.com/https%3A%2F%2Fcdn.evbuc.com%2Fimages%2F821931959%2F1317099778183%2F1%2Foriginal.jpg?w=512&auto=format%2Ccompress&q=75&sharp=10&rect=0%2C0%2C2160%2C1080&s=7b88e15a5bce493fcdd60169ae7726f5,"Thu, Oct 30",6:00 PM,,eventbrite_nyc,general,0,firecrawl_scraped,2025-10-23T19:41:30.927410
New York · 5th&Mad,https://www.eventbrite.com/e/nyc-tech-mixer-tickets-1755217937099?aff=ebdssbdestsearch,"Thu, Oct 30",6:00 PM,,eventbrite_nyc,general,0,firecrawl_scraped,2025-10-23T19:41:30.927466
_Save this event: NYC Tech Mixer__Share this event: NYC Tech Mixer_,https://img.evbuc.com/https%3A%2F%2Fcdn.evbuc.com%2Fimages%2F821931959%2F1317099778183%2F1%2Foriginal.jpg?w=512&auto=format%2Ccompress&q=75&sharp=10&rect=0%2C0%2C2160%2C1080&s=7b88e15a5bce493fcdd60169ae7726f5,,,,eventbrite_nyc,tech_meetups,1,firecrawl_scraped,2025-10-23T19:41:30.927656
"Thu, Oct 30, 6:00 PM",https://img.evbuc.com/https%3A%2F%2Fcdn.evbuc.com%2Fimages%2F821931959%2F1317099778183%2F1%2Foriginal.jpg?w=512&auto=format%2Ccompress&q=75&sharp=10&rect=0%2C0%2C2160%2C1080&s=7b88e15a5bce493fcdd60169ae7726f5,"Thu, Oct 30",6:00 PM,,eventbrite_nyc,general,0,firecrawl_scraped,2025-10-23T19:41:30.927732
New York · 5th&Mad,https://www.eventbrite.com/e/nyc-tech-mixer-tickets-1755217937099?aff=ebdssbdestsearch,"Thu, Oct 30",6:00 PM,,eventbrite_nyc,general,0,firecrawl_scraped,2025-10-23T19:41:30.927788
_Share this event: NYC Tech Mixer__Save this event: NYC Tech Mixer_,https://www.eventbrite.com/d/ny--new-york/tech-events/,,,,eventbrite_nyc,tech_meetups,1,firecrawl_scraped,2025-10-23T19:41:30.928019
Tomorrow at 6:00 PM + 8 more,https://www.eventbrite.com/d/ny--new-york/tech-events/,Tomorrow,6:00 PM,,eventbrite_nyc,general,0,firecrawl_scraped,2025-10-23T19:41:30.928144
New York · The Irish American Pub,https://www.eventbrite.com/d/ny--new-york/tech-events/,Tomorrow,6:00 PM,,eventbrite_nyc,general,0,firecrawl_scraped,2025-10-23T19:41:30.928250
Tomorrow at 6:00 PM + 8 more,https://www.eventbrite.com/d/ny--new-york/tech-events/,Tomorrow,6:00 PM,,eventbrite_nyc,general,0,firecrawl_scraped,2025-10-23T19:41:30.928372
New York · The Irish American Pub,https://img.evbuc.com/https%3A%2F%2Fcdn.evbuc.com%2Fimages%2F1156237893%2F69969265195%2F1%2Foriginal.20251017-204457?w=400&auto=format%2Ccompress&q=75&sharp=10&s=acfbb00e121e4bccd2f180b3a4c3b6cc,Tomorrow,6:00 PM,,eventbrite_nyc,general,0,firecrawl_scraped,2025-10-23T19:41:30.928480
Sunday at 11:00 AM,https://img.evbuc.com/https%3A%2F%2Fcdn.evbuc.com%2Fimages%2F1156237893%2F69969265195%2F1%2Foriginal.20251017-204457?w=400&auto=format%2Ccompress&q=75&sharp=10&s=acfbb00e121e4bccd2f180b3a4c3b6cc,Sunday at 11,11:00 AM,,eventbrite_nyc,general,0,firecrawl_scraped,2025-10-23T19:41:30.928579
New York · Central Park,https://www.eventbrite.com/e/out-in-tech-nyc-fall-walk-at-central-park-tickets-1743992511549?aff=ebdssbdestsearch,Sunday at 11,11:00 AM,,eventbrite_nyc,general,0,firecrawl_scraped,2025-10-23T19:41:30.928659
Sunday at 11:00 AM,https://img.evbuc.com/https%3A%2F%2Fcdn.evbuc.com%2Fimages%2F1156237893%2F69969265195%2F1%2Foriginal.20251017-204457?w=400&auto=format%2Ccompress&q=75&sharp=10&s=acfbb00e121e4bccd2f180b3a4c3b6cc,Sunday at 11,11:00 AM,,eventbrite_nyc,general,0,firecrawl_scraped,2025-10-23T19:41:30.928757
New York · Central Park,https://www.eventbrite.com/e/out-in-tech-nyc-fall-walk-at-central-park-tickets-1743992511549?aff=ebdssbdestsearch,Sunday at 11,11:00 AM,,eventbrite_nyc,general,0,firecrawl_scraped,2025-10-23T19:41:30.928837
"Thu, Oct 30, 6:00 PM",https://img.evbuc.com/https%3A%2F%2Fcdn.evbuc.com%2Fimages%2F912368503%2F1317099778183%2F1%2Foriginal.20241205-175800?crop=focalpoint&fit=crop&w=400&auto=format%2Ccompress&q=75&sharp=10&fp-x=0.00270833333333&fp-y=0.00477611940299&s=b72c143508d5ba77dca3e28236d7bc10,"Thu, Oct 30",6:00 PM,,eventbrite_nyc,general,0,firecrawl_scraped,2025-10-23T19:41:30.928926
Brooklyn · Arlo Williamsburg,https://www.eventbrite.com/e/women-in-tech-nyc-2025-tickets-1748907071129?aff=ebdssbdestsearch,"Thu, Oct 30",6:00 PM,,eventbrite_nyc,general,0,firecrawl_scraped,2025-10-23T19:41:30.928993
_Save this event: Women in Tech NYC 2025__Share this event: Women in Tech NYC 2025_,https://img.evbuc.com/https%3A%2F%2Fcdn.evbuc.com%2Fimages%2F912368503%2F1317099778183%2F1%2Foriginal.20241205-175800?crop=focalpoint&fit=crop&w=400&auto=format%2Ccompress&q=75&sharp=10&fp-x=0.00270833333333&fp-y=0.00477611940299&s=b72c143508d5ba77dca3e28236d7bc10,,,,eventbrite_nyc,tech_meetups,1,firecrawl_scraped,2025-10-23T19:41:30.929226
"Thu, Oct 30, 6:00 PM",https://img.evbuc.com/https%3A%2F%2Fcdn.evbuc.com%2Fimages%2F912368503%2F1317099778183%2F1%2Foriginal.20241205-175800?crop=focalpoint&fit=crop&w=400&auto=format%2Ccompress&q=75&sharp=10&fp-x=0.00270833333333&fp-y=0.00477611940299&s=b72c143508d5ba77dca3e28236d7bc10,"Thu, Oct 30",6:00 PM,,eventbrite_nyc,general,0,firecrawl_scraped,2025-10-23T19:41:30.929313
Brooklyn · Arlo Williamsburg,https://www.eventbrite.com/e/women-in-tech-nyc-2025-tickets-1748907071129?aff=ebdssbdestsearch,"Thu, Oct 30",6:00 PM,,eventbrite_nyc,general,0,firecrawl_scraped,2025-10-23T19:41:30.929380
_Share this event: Women in Tech NYC 2025__Save this event: Women in Tech NYC 2025_,https://img.evbuc.com/https%3A%2F%2Fcdn.evbuc.com%2Fimages%2F987088513%2F2171032696763%2F1%2Foriginal.20250318-223134?crop=focalpoint&fit=crop&w=400&auto=format%2Ccompress&q=75&sharp=10&fp-x=0.0555817575166&fp-y=0.199698092333&s=a3577eb0ccfd196ad0c0d666a905321e,,,,eventbrite_nyc,tech_meetups,1,firecrawl_scraped,2025-10-23T19:41:30.929619
"Wed, Nov 5, 6:00 PM",https://img.evbuc.com/https%3A%2F%2Fcdn.evbuc.com%2Fimages%2F987088513%2F2171032696763%2F1%2Foriginal.20250318-223134?crop=focalpoint&fit=crop&w=400&auto=format%2Ccompress&q=75&sharp=10&fp-x=0.0555817575166&fp-y=0.199698092333&s=a3577eb0ccfd196ad0c0d666a905321e,"Wed, Nov 5",6:00 PM,,eventbrite_nyc,general,0,firecrawl_scraped,2025-10-23T19:41:30.929715
New York · Whiskey Cellar NYC,https://www.eventbrite.com/e/ai-tech-networking-nyc-manhattan-tickets-1661368952259?aff=ebdssbdestsearch,"Wed, Nov 5",6:00 PM,,eventbrite_nyc,general,0,firecrawl_scraped,2025-10-23T19:41:30.929791
"Wed, Nov 5, 6:00 PM",https://img.evbuc.com/https%3A%2F%2Fcdn.evbuc.com%2Fimages%2F987088513%2F2171032696763%2F1%2Foriginal.20250318-223134?crop=focalpoint&fit=crop&w=400&auto=format%2Ccompress&q=75&sharp=10&fp-x=0.0555817575166&fp-y=0.199698092333&s=a3577eb0ccfd196ad0c0d666a905321e,"Wed, Nov 5",6:00 PM,,eventbrite_nyc,general,0,firecrawl_scraped,2025-10-23T19:41:30.929886
New York · Whiskey Cellar NYC,https://www.eventbrite.com/e/ai-tech-networking-nyc-manhattan-tickets-1661368952259?aff=ebdssbdestsearch,"Wed, Nov 5",6:00 PM,,eventbrite_nyc,general,0,firecrawl_scraped,2025-10-23T19:41:30.929962
View 6 similar results,https://img.evbuc.com/https%3A%2F%2Fcdn.evbuc.com%2Fimages%2F1150044393%2F69969265195%2F1%2Foriginal.20251010-150735?w=400&auto=format%2Ccompress&q=75&sharp=10&s=59f9d878e7669d3201edbd1958ea4e76,,,,eventbrite_nyc,general,0,firecrawl_scraped,2025-10-23T19:41:30.930178
"Wed, Nov 5, 6:30 PM",https://img.evbuc.com/https%3A%2F%2Fcdn.evbuc.com%2Fimages%2F1150044393%2F69969265195%2F1%2Foriginal.20251010-150735?w=400&auto=format%2Ccompress&q=75&sharp=10&s=59f9d878e7669d3201edbd1958ea4e76,"Wed, Nov 5",6:30 PM,,eventbrite_nyc,general,0,firecrawl_scraped,2025-10-23T19:41:30.930271
New York · The Dickens,https://www.eventbrite.com/e/out-in-tech-nyc-parents-night-out-tickets-1802296430139?aff=ebdssbdestsearch,"Wed, Nov 5",6:30 PM,,eventbrite_nyc,general,0,firecrawl_scraped,2025-10-23T19:41:30.930345
"Wed, Nov 5, 6:30 PM",https://img.evbuc.com/https%3A%2F%2Fcdn.evbuc.com%2Fimages%2F1150044393%2F69969265195%2F1%2Foriginal.20251010-150735?w=400&auto=format%2Ccompress&q=75&sharp=10&s=59f9d878e7669d3201edbd1958ea4e76,"Wed, Nov 5",6:30 PM,,eventbrite_nyc,general,0,firecrawl_scraped,2025-10-23T19:41:30.930438
New York · The Dickens,https://www.eventbrite.com/e/out-in-tech-nyc-parents-night-out-tickets-1802296430139?aff=ebdssbdestsearch,"Wed, Nov 5",6:30 PM,,eventbrite_nyc,general,0,firecrawl_scraped,2025-10-23T19:41:30.930519
"Wed, Nov 5, 5:00 PM",https://img.evbuc.com/https%3A%2F%2Fcdn.evbuc.com%2Fimages%2F1150361743%2F2595682606931%2F1%2Foriginal.20251010-204523?crop=focalpoint&fit=crop&w=400&auto=format%2Ccompress&q=75&sharp=10&fp-x=0.92&fp-y=0.221&s=9986857c8390f61149cbb5d6117dfcdd,"Wed, Nov 5",5:00 PM,,eventbrite_nyc,general,0,firecrawl_scraped,2025-10-23T19:41:30.930752
Brooklyn · The Theater at City Tech,https://www.eventbrite.com/e/tech-for-us-nyc-premiere-and-conversation-about-public-interest-tech-tickets-1766994320579?aff=ebdssbdestsearch,"Wed, Nov 5",5:00 PM,,eventbrite_nyc,tech_meetups,1,firecrawl_scraped,2025-10-23T19:41:30.930906
"Wed, Nov 5, 5:00 PM",https://img.evbuc.com/https%3A%2F%2Fcdn.evbuc.com%2Fimages%2F1150361743%2F2595682606931%2F1%2Foriginal.20251010-204523?crop=focalpoint&fit=crop&w=400&auto=format%2Ccompress&q=75&sharp=10&fp-x=0.92&fp-y=0.221&s=9986857c8390f61149cbb5d6117dfcdd,"Wed, Nov 5",5:00 PM,,eventbrite_nyc,general,0,firecrawl_scraped,2025-10-23T19:41:30.931077
Brooklyn · The Theater at City Tech,https://www.eventbrite.com/e/tech-for-us-nyc-premiere-and-conversation-about-public-interest-tech-tickets-1766994320579?aff=ebdssbdestsearch,"Wed, Nov 5",5:00 PM,,eventbrite_nyc,tech_meetups,1,firecrawl_scraped,2025-10-23T19:41:30.931202
"Thu, Oct 30, 6:00 PM",https://img.evbuc.com/https%3A%2F%2Fcdn.evbuc.com%2Fimages%2F969153403%2F1317099778183%2F1%2Foriginal.20250225-180751?crop=focalpoint&fit=crop&auto=format%2Ccompress&q=75&sharp=10&fp-x=0.005&fp-y=0.005&s=272e4a805a517cb1f76b0f70745ac670,"Thu, Oct 30",6:00 PM,,eventbrite_nyc,general,0,firecrawl_scraped,2025-10-23T19:41:30.931293
Brooklyn · Arlo Williamsburg,https://www.eventbrite.com/e/meetup-nyc-tech-mixer-2025-tickets-1748907161399?aff=ebdssbdestsearch,"Thu, Oct 30",6:00 PM,,eventbrite_nyc,general,0,firecrawl_scraped,2025-10-23T19:41:30.931355
_Save this event: Meetup NYC Tech Mixer 2025__Share this event: Meetup NYC Tech Mixer 2025_,https://img.evbuc.com/https%3A%2F%2Fcdn.evbuc.com%2Fimages%2F969153403%2F1317099778183%2F1%2Foriginal.20250225-180751?crop=focalpoint&fit=crop&auto=format%2Ccompress&q=75&sharp=10&fp-x=0.005&fp-y=0.005&s=272e4a805a517cb1f76b0f70745ac670,,,,eventbrite_nyc,tech_meetups,1,firecrawl_scraped,2025-10-23T19:41:30.931548
"Thu, Oct 30, 6:00 PM",https://img.evbuc.com/https%3A%2F%2Fcdn.evbuc.com%2Fimages%2F969153403%2F1317099778183%2F1%2Foriginal.20250225-180751?crop=focalpoint&fit=crop&auto=format%2Ccompress&q=75&sharp=10&fp-x=0.005&fp-y=0.005&s=272e4a805a517cb1f76b0f70745ac670,"Thu, Oct 30",6:00 PM,,eventbrite_nyc,general,0,firecrawl_scraped,2025-10-23T19:41:30.931624
Brooklyn · Arlo Williamsburg,https://www.eventbrite.com/e/meetup-nyc-tech-mixer-2025-tickets-1748907161399?aff=ebdssbdestsearch,"Thu, Oct 30",6:00 PM,,eventbrite_nyc,general,0,firecrawl_scraped,2025-10-23T19:41:30.931687
_Share this event: Meetup NYC Tech Mixer 2025__Save this event: Meetup NYC Tech Mixer 2025_,https://img.evbuc.com/https%3A%2F%2Fcdn.evbuc.com%2Fimages%2F1135839853%2F2171032696763%2F1%2Foriginal.20250925-234809?crop=focalpoint&fit=crop&w=400&auto=format%2Ccompress&q=75&sharp=10&fp-x=0.049&fp-y=0.115&s=f30127987f489dffa64ec6a716e1d9b0,,,,eventbrite_nyc,tech_meetups,1,firecrawl_scraped,2025-10-23T19:41:30.931893
"Wed, Nov 26, 6:00 PM",https://img.evbuc.com/https%3A%2F%2Fcdn.evbuc.com%2Fimages%2F1135839853%2F2171032696763%2F1%2Foriginal.20250925-234809?crop=focalpoint&fit=crop&w=400&auto=format%2Ccompress&q=75&sharp=10&fp-x=0.049&fp-y=0.115&s=f30127987f489dffa64ec6a716e1d9b0,"Wed, Nov 26",6:00 PM,,eventbrite_nyc,general,0,firecrawl_scraped,2025-10-23T19:41:30.931966
Brooklyn · Keybar,https://www.eventbrite.com/e/ai-tech-networking-newark-tickets-1738264468819?aff=ebdssbdestsearch,"Wed, Nov 26",6:00 PM,,eventbrite_nyc,general,0,firecrawl_scraped,2025-10-23T19:41:30.932038
_Save this event: AI & Tech Networking Newark__Share this event: AI & Tech Networking Newark_,https://img.evbuc.com/https%3A%2F%2Fcdn.evbuc.com%2Fimages%2F1135839853%2F2171032696763%2F1%2Foriginal.20250925-234809?crop=focalpoint&fit=crop&w=400&auto=format%2Ccompress&q=75&sharp=10&fp-x=0.049&fp-y=0.115&s=f30127987f489dffa64ec6a716e1d9b0,,,,eventbrite_nyc,"ai_events, tech_meetups",2,firecrawl_scraped,2025-10-23T19:41:30.932231
"Wed, Nov 26, 6:00 PM",https://img.evbuc.com/https%3A%2F%2Fcdn.evbuc.com%2Fimages%2F1135839853%2F2171032696763%2F1%2Foriginal.20250925-234809?crop=focalpoint&fit=crop&w=400&auto=format%2Ccompress&q=75&sharp=10&fp-x=0.049&fp-y=0.115&s=f30127987f489dffa64ec6a716e1d9b0,"Wed, Nov 26",6:00 PM,,eventbrite_nyc,general,0,firecrawl_scraped,2025-10-23T19:41:30.932303
Brooklyn · Keybar,https://www.eventbrite.com/e/ai-tech-networking-newark-tickets-1738264468819?aff=ebdssbdestsearch,"Wed, Nov 26",6:00 PM,,eventbrite_nyc,general,0,firecrawl_scraped,2025-10-23T19:41:30.932359
_Share this event: AI & Tech Networking Newark__Save this event: AI & Tech Networking Newark_,https://img.evbuc.com/https%3A%2F%2Fcdn.evbuc.com%2Fimages%2F1076981753%2F2575431212591%2F1%2Foriginal.20250719-151232?crop=focalpoint&fit=crop&w=400&auto=format%2Ccompress&q=75&sharp=10&fp-x=0.511363636364&fp-y=0.515599130795&s=f9e93f58457352ec36afd74ead1544f6,,,,eventbrite_nyc,"ai_events, tech_meetups",2,firecrawl_scraped,2025-10-23T19:41:30.932572
Wednesday at 7:00 PM,https://img.evbuc.com/https%3A%2F%2Fcdn.evbuc.com%2Fimages%2F1076981753%2F2575431212591%2F1%2Foriginal.20250719-151232?crop=focalpoint&fit=crop&w=400&auto=format%2Ccompress&q=75&sharp=10&fp-x=0.511363636364&fp-y=0.515599130795&s=f9e93f58457352ec36afd74ead1544f6,Wednesday at 7,7:00 PM,,eventbrite_nyc,general,0,firecrawl_scraped,2025-10-23T19:41:30.932672
New York · The Cloud One Lounge New York-Downtown,https://www.eventbrite.com/e/tech-business-networking-event-nyc-wagmi-connect-tickets-1767350967319?aff=ebdssbdestsearch,Wednesday at 7,7:00 PM,,eventbrite_nyc,general,0,firecrawl_scraped,2025-10-23T19:41:30.932756
Wednesday at 7:00 PM,https://img.evbuc.com/https%3A%2F%2Fcdn.evbuc.com%2Fimages%2F1076981753%2F2575431212591%2F1%2Foriginal.20250719-151232?crop=focalpoint&fit=crop&w=400&auto=format%2Ccompress&q=75&sharp=10&fp-x=0.511363636364&fp-y=0.515599130795&s=f9e93f58457352ec36afd74ead1544f6,Wednesday at 7,7:00 PM,,eventbrite_nyc,general,0,firecrawl_scraped,2025-10-23T19:41:30.932855
New York · The Cloud One Lounge New York-Downtown,https://www.eventbrite.com/e/tech-business-networking-event-nyc-wagmi-connect-tickets-1767350967319?aff=ebdssbdestsearch,Wednesday at 7,7:00 PM,,eventbrite_nyc,general,0,firecrawl_scraped,2025-10-23T19:41:30.932939
View 3 similar results,https://img.evbuc.com/https%3A%2F%2Fcdn.evbuc.com%2Fimages%2F1076981753%2F2575431212591%2F1%2Foriginal.20250719-151232?crop=focalpoint&fit=crop&w=400&auto=format%2Ccompress&q=75&sharp=10&fp-x=0.511363636364&fp-y=0.515599130795&s=f9e93f58457352ec36afd74ead1544f6,,,,eventbrite_nyc,general,0,firecrawl_scraped,2025-10-23T19:41:30.933171
Tuesday at 7:00 PM,https://img.evbuc.com/https%3A%2F%2Fcdn.evbuc.com%2Fimages%2F1076981753%2F2575431212591%2F1%2Foriginal.20250719-151232?crop=focalpoint&fit=crop&w=400&auto=format%2Ccompress&q=75&sharp=10&fp-x=0.511363636364&fp-y=0.515599130795&s=f9e93f58457352ec36afd74ead1544f6,Tuesday at 7,7:00 PM,,eventbrite_nyc,general,0,firecrawl_scraped,2025-10-23T19:41:30.933262
New York · Pineapple Club,https://www.eventbrite.com/e/tech-business-networking-event-nyc-wagmi-connect-tickets-1809753985889?aff=ebdssbdestsearch,Tuesday at 7,7:00 PM,,eventbrite_nyc,general,0,firecrawl_scraped,2025-10-23T19:41:30.933337
Tuesday at 7:00 PM,https://img.evbuc.com/https%3A%2F%2Fcdn.evbuc.com%2Fimages%2F1076981753%2F2575431212591%2F1%2Foriginal.20250719-151232?crop=focalpoint&fit=crop&w=400&auto=format%2Ccompress&q=75&sharp=10&fp-x=0.511363636364&fp-y=0.515599130795&s=f9e93f58457352ec36afd74ead1544f6,Tuesday at 7,7:00 PM,,eventbrite_nyc,general,0,firecrawl_scraped,2025-10-23T19:41:30.933428
New York · Pineapple Club,https://www.eventbrite.com/e/tech-business-networking-event-nyc-wagmi-connect-tickets-1809753985889?aff=ebdssbdestsearch,Tuesday at 7,7:00 PM,,eventbrite_nyc,general,0,firecrawl_scraped,2025-10-23T19:41:30.933502
"Wed, Nov 5, 6:00 PM + 5 more",https://img.evbuc.com/https%3A%2F%2Fcdn.evbuc.com%2Fimages%2F987090623%2F2171032696763%2F1%2Foriginal.20250318-223400?crop=focalpoint&fit=crop&auto=format%2Ccompress&q=75&sharp=10&fp-x=0.000328544847893&fp-y=0.00120441069426&s=7e3e504e8304db14166af3fc1aa7d5f7,"Wed, Nov 5",6:00 PM,,eventbrite_nyc,general,0,firecrawl_scraped,2025-10-23T19:41:30.933606
New York · Whiskey Cellar NYC,https://www.eventbrite.com/e/monthly-startup-tech-business-networking-nyc-manhattan-tickets-1291901886319?aff=ebdssbdestsearch,"Wed, Nov 5",6:00 PM,,eventbrite_nyc,general,0,firecrawl_scraped,2025-10-23T19:41:30.933690
"Wed, Nov 5, 6:00 PM + 5 more",https://img.evbuc.com/https%3A%2F%2Fcdn.evbuc.com%2Fimages%2F987090623%2F2171032696763%2F1%2Foriginal.20250318-223400?crop=focalpoint&fit=crop&auto=format%2Ccompress&q=75&sharp=10&fp-x=0.000328544847893&fp-y=0.00120441069426&s=7e3e504e8304db14166af3fc1aa7d5f7,"Wed, Nov 5",6:00 PM,,eventbrite_nyc,general,0,firecrawl_scraped,2025-10-23T19:41:30.933789
New York · Whiskey Cellar NYC,https://www.eventbrite.com/e/monthly-startup-tech-business-networking-nyc-manhattan-tickets-1291901886319?aff=ebdssbdestsearch,"Wed, Nov 5",6:00 PM,,eventbrite_nyc,general,0,firecrawl_scraped,2025-10-23T19:41:30.933872
[Trends in New York](https://www.eventbrite.com/trending/searches/ny--new-york/),https://www.eventbrite.com/ttd/pa--allentown/,,,,eventbrite_nyc,general,0,firecrawl_scraped,2025-10-23T19:41:30.933995
find Halloween events for every vibe.,https://www.eventbrite.com/support/articles/en_US/Troubleshooting/how-to-troubleshoot-internet-browser-issues,,,,eventbrite_sf,general,0,firecrawl_scraped,2025-10-23T19:41:33.791850
Neighborhood,https://www.eventbrite.com/d/san-francisco/tech-events/,,,,eventbrite_sf,general,0,firecrawl_scraped,2025-10-23T19:41:33.791899
"Thu, Oct 30, 8:00 PM GMT",https://www.eventbrite.com/d/san-francisco/tech-events/,"Thu, Oct 30",8:00 PM,,eventbrite_sf,general,0,firecrawl_scraped,2025-10-23T19:41:33.792051
Passive Digital Income Club,https://www.eventbrite.com/d/san-francisco/tech-events/,,,,eventbrite_sf,general,0,firecrawl_scraped,2025-10-23T19:41:33.792102
114 followers,https://www.eventbrite.com/d/san-francisco/tech-events/,,,,eventbrite_sf,general,0,firecrawl_scraped,2025-10-23T19:41:33.792148
_Promoted event actions_,https://www.eventbrite.com/d/san-francisco/tech-events/,,,,eventbrite_sf,general,0,firecrawl_scraped,2025-10-23T19:41:33.792521
"Thu, Oct 30, 8:00 PM GMT",https://www.eventbrite.com/d/san-francisco/tech-events/,"Thu, Oct 30",8:00 PM,,eventbrite_sf,general,0,firecrawl_scraped,2025-10-23T19:41:33.792651
_Promoted event actions_,https://img.evbuc.com/https%3A%2F%2Fcdn.evbuc.com%2Fimages%2F1157215863%2F2893716723591%2F1%2Foriginal.20251019-224611?h=230&w=460&auto=format%2Ccompress&q=75&sharp=10&rect=0%2C89%2C1750%2C875&s=22ae3f7c83c7594923c8665fa6882ba0,,,,eventbrite_sf,general,0,firecrawl_scraped,2025-10-23T19:41:33.792985
Saturday at 10:00 AM EDT,https://img.evbuc.com/https%3A%2F%2Fcdn.evbuc.com%2Fimages%2F1157215863%2F2893716723591%2F1%2Foriginal.20251019-224611?h=230&w=460&auto=format%2Ccompress&q=75&sharp=10&rect=0%2C89%2C1750%2C875&s=22ae3f7c83c7594923c8665fa6882ba0,Saturday at 10,10:00 AM,,eventbrite_sf,general,0,firecrawl_scraped,2025-10-23T19:41:33.793124
From CA$500.00,https://www.eventbrite.com/e/break-into-tech-the-seaview-hands-on-training-experience-tickets-1847065545769?aff=ebdssbdestsearch,Saturday at 10,10:00 AM,,eventbrite_sf,general,0,firecrawl_scraped,2025-10-23T19:41:33.793175
Seaview IT Consulting Inc.,https://www.eventbrite.com/d/san-francisco/tech-events/,,,,eventbrite_sf,general,0,firecrawl_scraped,2025-10-23T19:41:33.793223
31 followers,https://www.eventbrite.com/d/san-francisco/tech-events/,,,,eventbrite_sf,general,0,firecrawl_scraped,2025-10-23T19:41:33.793267
_Promoted event actions_,https://img.evbuc.com/https%3A%2F%2Fcdn.evbuc.com%2Fimages%2F1157215863%2F2893716723591%2F1%2Foriginal.20251019-224611?h=230&w=460&auto=format%2Ccompress&q=75&sharp=10&rect=0%2C89%2C1750%2C875&s=22ae3f7c83c7594923c8665fa6882ba0,,,,eventbrite_sf,general,0,firecrawl_scraped,2025-10-23T19:41:33.793592
Saturday at 10:00 AM EDT,https://img.evbuc.com/https%3A%2F%2Fcdn.evbuc.com%2Fimages%2F1157215863%2F2893716723591%2F1%2Foriginal.20251019-224611?h=230&w=460&auto=format%2Ccompress&q=75&sharp=10&rect=0%2C89%2C1750%2C875&s=22ae3f7c83c7594923c8665fa6882ba0,Saturday at 10,10:00 AM,,eventbrite_sf,general,0,firecrawl_scraped,2025-10-23T19:41:33.793723
From CA$500.00,https://www.eventbrite.com/e/break-into-tech-the-seaview-hands-on-training-experience-tickets-1847065545769?aff=ebdssbdestsearch,Saturday at 10,10:00 AM,,eventbrite_sf,general,0,firecrawl_scraped,2025-10-23T19:41:33.793763
_Promoted event actions_,https://img.evbuc.com/https%3A%2F%2Fcdn.evbuc.com%2Fimages%2F1141372133%2F2855813132821%2F1%2Foriginal.20251001-141709?crop=focalpoint&fit=crop&h=230&w=460&auto=format%2Ccompress&q=75&sharp=10&fp-x=0.867&fp-y=0.424&s=40459cc167a8dd2f68c4b45c7146955b,,,,eventbrite_sf,general,0,firecrawl_scraped,2025-10-23T19:41:33.794077
Wednesday at 12:00 PM CDT,https://img.evbuc.com/https%3A%2F%2Fcdn.evbuc.com%2Fimages%2F1141372133%2F2855813132821%2F1%2Foriginal.20251001-141709?crop=focalpoint&fit=crop&h=230&w=460&auto=format%2Ccompress&q=75&sharp=10&fp-x=0.867&fp-y=0.424&s=40459cc167a8dd2f68c4b45c7146955b,Wednesday at 12,12:00 PM,,eventbrite_sf,general,0,firecrawl_scraped,2025-10-23T19:41:33.794183
Senior Tech Connect,https://www.eventbrite.com/d/san-francisco/tech-events/,,,,eventbrite_sf,tech_meetups,1,firecrawl_scraped,2025-10-23T19:41:33.794224
135 followers,https://www.eventbrite.com/d/san-francisco/tech-events/,,,,eventbrite_sf,general,0,firecrawl_scraped,2025-10-23T19:41:33.794266
_Promoted event actions_,https://img.evbuc.com/https%3A%2F%2Fcdn.evbuc.com%2Fimages%2F1141372133%2F2855813132821%2F1%2Foriginal.20251001-141709?crop=focalpoint&fit=crop&h=230&w=460&auto=format%2Ccompress&q=75&sharp=10&fp-x=0.867&fp-y=0.424&s=40459cc167a8dd2f68c4b45c7146955b,,,,eventbrite_sf,general,0,firecrawl_scraped,2025-10-23T19:41:33.794554
Wednesday at 12:00 PM CDT,https://img.evbuc.com/https%3A%2F%2Fcdn.evbuc.com%2Fimages%2F1141372133%2F2855813132821%2F1%2Foriginal.20251001-141709?crop=focalpoint&fit=crop&h=230&w=460&auto=format%2Ccompress&q=75&sharp=10&fp-x=0.867&fp-y=0.424&s=40459cc167a8dd2f68c4b45c7146955b,Wednesday at 12,12:00 PM,,eventbrite_sf,general,0,firecrawl_scraped,2025-10-23T19:41:33.794659
_Promoted event actions_,https://img.evbuc.com/https%3A%2F%2Fcdn.evbuc.com%2Fimages%2F977847543%2F1924315149053%2F1%2Foriginal.20250307-120745?crop=focalpoint&fit=crop&w=512&auto=format%2Ccompress&q=75&sharp=10&fp-x=0.005&fp-y=0.005&s=c1a81a571305379a068e00a1e4c74cb1,,,,eventbrite_sf,general,0,firecrawl_scraped,2025-10-23T19:41:33.794951
"Wed, Nov 5, 6:30 PM",https://img.evbuc.com/https%3A%2F%2Fcdn.evbuc.com%2Fimages%2F977847543%2F1924315149053%2F1%2Foriginal.20250307-120745?crop=focalpoint&fit=crop&w=512&auto=format%2Ccompress&q=75&sharp=10&fp-x=0.005&fp-y=0.005&s=c1a81a571305379a068e00a1e4c74cb1,"Wed, Nov 5",6:30 PM,,eventbrite_sf,general,0,firecrawl_scraped,2025-10-23T19:41:33.795059
San Francisco · Iron Horse Cocktails,https://www.eventbrite.com/e/tech-networking-event-in-san-francisco-tickets-1553234057879?aff=ebdssbdestsearch,"Wed, Nov 5",6:30 PM,,eventbrite_sf,ai_events,1,firecrawl_scraped,2025-10-23T19:41:33.795142
"Wed, Nov 5, 6:30 PM",https://img.evbuc.com/https%3A%2F%2Fcdn.evbuc.com%2Fimages%2F977847543%2F1924315149053%2F1%2Foriginal.20250307-120745?crop=focalpoint&fit=crop&w=512&auto=format%2Ccompress&q=75&sharp=10&fp-x=0.005&fp-y=0.005&s=c1a81a571305379a068e00a1e4c74cb1,"Wed, Nov 5",6:30 PM,,eventbrite_sf,general,0,firecrawl_scraped,2025-10-23T19:41:33.795244
San Francisco · Iron Horse Cocktails,https://www.eventbrite.com/e/tech-networking-event-in-san-francisco-tickets-1553234057879?aff=ebdssbdestsearch,"Wed, Nov 5",6:30 PM,,eventbrite_sf,ai_events,1,firecrawl_scraped,2025-10-23T19:41:33.795326
Wednesday at 7:00 PM,https://www.eventbrite.com/d/san-francisco/tech-events/,Wednesday at 7,7:00 PM,,eventbrite_sf,general,0,firecrawl_scraped,2025-10-23T19:41:33.795442
San Francisco · Soundtrack,https://www.eventbrite.com/d/san-francisco/tech-events/,Wednesday at 7,7:00 PM,,eventbrite_sf,general,0,firecrawl_scraped,2025-10-23T19:41:33.795542
Wednesday at 7:00 PM,https://www.eventbrite.com/d/san-francisco/tech-events/,Wednesday at 7,7:00 PM,,eventbrite_sf,general,0,firecrawl_scraped,2025-10-23T19:41:33.795658
San Francisco · Soundtrack,https://img.evbuc.com/https%3A%2F%2Fcdn.evbuc.com%2Fimages%2F1142654733%2F88084415777%2F1%2Foriginal.20251002-153136?crop=focalpoint&fit=crop&w=512&auto=format%2Ccompress&q=75&sharp=10&fp-x=0.5&fp-y=0.5&s=fdd74a93e4fc5ff0a177ddaec9ed1b5f,Wednesday at 7,7:00 PM,,eventbrite_sf,general,0,firecrawl_scraped,2025-10-23T19:41:33.795761
"Tue, Dec 2, 6:00 PM",https://img.evbuc.com/https%3A%2F%2Fcdn.evbuc.com%2Fimages%2F1142654733%2F88084415777%2F1%2Foriginal.20251002-153136?crop=focalpoint&fit=crop&w=512&auto=format%2Ccompress&q=75&sharp=10&fp-x=0.5&fp-y=0.5&s=fdd74a93e4fc5ff0a177ddaec9ed1b5f,"Tue, Dec 2",6:00 PM,,eventbrite_sf,general,0,firecrawl_scraped,2025-10-23T19:41:33.795859
San Francisco · Planisware US Headquarters,https://www.eventbrite.com/e/french-tech-holiday-party-tickets-1740881757199?aff=ebdssbdestsearch,"Tue, Dec 2",6:00 PM,,eventbrite_sf,general,0,firecrawl_scraped,2025-10-23T19:41:33.795933
_Save this event: French Tech Holiday Party__Share this event: French Tech Holiday Party_,https://img.evbuc.com/https%3A%2F%2Fcdn.evbuc.com%2Fimages%2F1142654733%2F88084415777%2F1%2Foriginal.20251002-153136?crop=focalpoint&fit=crop&w=512&auto=format%2Ccompress&q=75&sharp=10&fp-x=0.5&fp-y=0.5&s=fdd74a93e4fc5ff0a177ddaec9ed1b5f,,,,eventbrite_sf,tech_meetups,1,firecrawl_scraped,2025-10-23T19:41:33.796160
"Tue, Dec 2, 6:00 PM",https://img.evbuc.com/https%3A%2F%2Fcdn.evbuc.com%2Fimages%2F1142654733%2F88084415777%2F1%2Foriginal.20251002-153136?crop=focalpoint&fit=crop&w=512&auto=format%2Ccompress&q=75&sharp=10&fp-x=0.5&fp-y=0.5&s=fdd74a93e4fc5ff0a177ddaec9ed1b5f,"Tue, Dec 2",6:00 PM,,eventbrite_sf,general,0,firecrawl_scraped,2025-10-23T19:41:33.796253
San Francisco · Planisware US Headquarters,https://www.eventbrite.com/e/french-tech-holiday-party-tickets-1740881757199?aff=ebdssbdestsearch,"Tue, Dec 2",6:00 PM,,eventbrite_sf,general,0,firecrawl_scraped,2025-10-23T19:41:33.796326
_Share this event: French Tech Holiday Party__Save this event: French Tech Holiday Party_,https://img.evbuc.com/https%3A%2F%2Fcdn.evbuc.com%2Fimages%2F1125742963%2F2780625840341%2F1%2Foriginal.20250916-152500?crop=focalpoint&fit=crop&w=376&auto=format%2Ccompress&q=75&sharp=10&fp-x=0.000487911339962&fp-y=0.00104244402985&s=6af11b9ad4ad2d6113c14bc06d403249,,,,eventbrite_sf,tech_meetups,1,firecrawl_scraped,2025-10-23T19:41:33.796593
"Wed, Nov 5, 7:00 PM",https://img.evbuc.com/https%3A%2F%2Fcdn.evbuc.com%2Fimages%2F1125742963%2F2780625840341%2F1%2Foriginal.20250916-152500?crop=focalpoint&fit=crop&w=376&auto=format%2Ccompress&q=75&sharp=10&fp-x=0.000487911339962&fp-y=0.00104244402985&s=6af11b9ad4ad2d6113c14bc06d403249,"Wed, Nov 5",7:00 PM,,eventbrite_sf,general,0,firecrawl_scraped,2025-10-23T19:41:33.796705
San Francisco · Toy Soldier,https://www.eventbrite.com/e/tech-networking-event-by-startup-valley-in-san-francisco-tickets-1708215952899?aff=ebdssbdestsearch,"Wed, Nov 5",7:00 PM,,eventbrite_sf,general,0,firecrawl_scraped,2025-10-23T19:41:33.796797
"Wed, Nov 5, 7:00 PM",https://img.evbuc.com/https%3A%2F%2Fcdn.evbuc.com%2Fimages%2F1125742963%2F2780625840341%2F1%2Foriginal.20250916-152500?crop=focalpoint&fit=crop&w=376&auto=format%2Ccompress&q=75&sharp=10&fp-x=0.000487911339962&fp-y=0.00104244402985&s=6af11b9ad4ad2d6113c14bc06d403249,"Wed, Nov 5",7:00 PM,,eventbrite_sf,general,0,firecrawl_scraped,2025-10-23T19:41:33.796909
San Francisco · Toy Soldier,https://www.eventbrite.com/e/tech-networking-event-by-startup-valley-in-san-francisco-tickets-1708215952899?aff=ebdssbdestsearch,"Wed, Nov 5",7:00 PM,,eventbrite_sf,general,0,firecrawl_scraped,2025-10-23T19:41:33.797001
View 6 similar results,https://img.evbuc.com/https%3A%2F%2Fcdn.evbuc.com%2Fimages%2F920675683%2F2244249934723%2F1%2Foriginal.20241219-225958?crop=focalpoint&fit=crop&w=512&auto=format%2Ccompress&q=75&sharp=10&fp-x=0.506628787879&fp-y=0.502483443709&s=a518f44ed6b5758cb97198558b88ebfa,,,,eventbrite_sf,general,0,firecrawl_scraped,2025-10-23T19:41:33.797282
"Wed, Nov 5, 6:00 PM",https://img.evbuc.com/https%3A%2F%2Fcdn.evbuc.com%2Fimages%2F920675683%2F2244249934723%2F1%2Foriginal.20241219-225958?crop=focalpoint&fit=crop&w=512&auto=format%2Ccompress&q=75&sharp=10&fp-x=0.506628787879&fp-y=0.502483443709&s=a518f44ed6b5758cb97198558b88ebfa,"Wed, Nov 5",6:00 PM,,eventbrite_sf,general,0,firecrawl_scraped,2025-10-23T19:41:33.797420
San Francisco · The Showdown,https://www.eventbrite.com/e/tech-and-business-networking-elevating-your-potential-sf-tickets-1557337742109?aff=ebdssbdestsearch,"Wed, Nov 5",6:00 PM,,eventbrite_sf,general,0,firecrawl_scraped,2025-10-23T19:41:33.797517
"Wed, Nov 5, 6:00 PM",https://img.evbuc.com/https%3A%2F%2Fcdn.evbuc.com%2Fimages%2F920675683%2F2244249934723%2F1%2Foriginal.20241219-225958?crop=focalpoint&fit=crop&w=512&auto=format%2Ccompress&q=75&sharp=10&fp-x=0.506628787879&fp-y=0.502483443709&s=a518f44ed6b5758cb97198558b88ebfa,"Wed, Nov 5",6:00 PM,,eventbrite_sf,general,0,firecrawl_scraped,2025-10-23T19:41:33.797631
San Francisco · The Showdown,https://www.eventbrite.com/e/tech-and-business-networking-elevating-your-potential-sf-tickets-1557337742109?aff=ebdssbdestsearch,"Wed, Nov 5",6:00 PM,,eventbrite_sf,general,0,firecrawl_scraped,2025-10-23T19:41:33.797726
View 2 similar results,https://www.eventbrite.com/d/san-francisco/tech-events/,,,,eventbrite_sf,general,0,firecrawl_scraped,2025-10-23T19:41:33.797993
"Thu, Nov 13, 7:00 PM",https://www.eventbrite.com/d/san-francisco/tech-events/,"Thu, Nov 13",7:00 PM,,eventbrite_sf,general,0,firecrawl_scraped,2025-10-23T19:41:33.798094
San Francisco · Soundtrack,https://www.eventbrite.com/d/san-francisco/tech-events/,"Thu, Nov 13",7:00 PM,,eventbrite_sf,general,0,firecrawl_scraped,2025-10-23T19:41:33.798179
"Thu, Nov 13, 7:00 PM",https://www.eventbrite.com/d/san-francisco/tech-events/,"Thu, Nov 13",7:00 PM,,eventbrite_sf,general,0,firecrawl_scraped,2025-10-23T19:41:33.798286
San Francisco · Soundtrack,https://img.evbuc.com/https%3A%2F%2Fcdn.evbuc.com%2Fimages%2F952731213%2F2171032696763%2F1%2Foriginal.20250204-210941?crop=focalpoint&fit=crop&w=512&auto=format%2Ccompress&q=75&sharp=10&fp-x=0.0624998844031&fp-y=0.23009946453&s=a0f1a0c0c8a27c4738fa9c61c0bd3164,"Thu, Nov 13",7:00 PM,,eventbrite_sf,general,0,firecrawl_scraped,2025-10-23T19:41:33.798393
"Wed, Nov 5, 7:00 PM",https://img.evbuc.com/https%3A%2F%2Fcdn.evbuc.com%2Fimages%2F952731213%2F2171032696763%2F1%2Foriginal.20250204-210941?crop=focalpoint&fit=crop&w=512&auto=format%2Ccompress&q=75&sharp=10&fp-x=0.0624998844031&fp-y=0.23009946453&s=a0f1a0c0c8a27c4738fa9c61c0bd3164,"Wed, Nov 5",7:00 PM,,eventbrite_sf,general,0,firecrawl_scraped,2025-10-23T19:41:33.798507
San Francisco · Toy Soldier,https://www.eventbrite.com/e/ai-tech-networking-in-san-francisco-tickets-1708210346129?aff=ebdssbdestsearch,"Wed, Nov 5",7:00 PM,,eventbrite_sf,general,0,firecrawl_scraped,2025-10-23T19:41:33.798602
"Wed, Nov 5, 7:00 PM",https://img.evbuc.com/https%3A%2F%2Fcdn.evbuc.com%2Fimages%2F952731213%2F2171032696763%2F1%2Foriginal.20250204-210941?crop=focalpoint&fit=crop&w=512&auto=format%2Ccompress&q=75&sharp=10&fp-x=0.0624998844031&fp-y=0.23009946453&s=a0f1a0c0c8a27c4738fa9c61c0bd3164,"Wed, Nov 5",7:00 PM,,eventbrite_sf,general,0,firecrawl_scraped,2025-10-23T19:41:33.798707
San Francisco · Toy Soldier,https://www.eventbrite.com/e/ai-tech-networking-in-san-francisco-tickets-1708210346129?aff=ebdssbdestsearch,"Wed, Nov 5",7:00 PM,,eventbrite_sf,general,0,firecrawl_scraped,2025-10-23T19:41:33.798784
View 6 similar results,https://img.evbuc.com/https%3A%2F%2Fcdn.evbuc.com%2Fimages%2F1004678243%2F2108009601763%2F1%2Foriginal.20250409-095700?crop=focalpoint&fit=crop&w=376&auto=format%2Ccompress&q=75&sharp=10&fp-x=0.5&fp-y=0.5&s=53a1a565a7359162fc2cb50d4691d4da,,,,eventbrite_sf,general,0,firecrawl_scraped,2025-10-23T19:41:33.799052
"Tue, Nov 11, 7:00 PM",https://img.evbuc.com/https%3A%2F%2Fcdn.evbuc.com%2Fimages%2F1004678243%2F2108009601763%2F1%2Foriginal.20250409-095700?crop=focalpoint&fit=crop&w=376&auto=format%2Ccompress&q=75&sharp=10&fp-x=0.5&fp-y=0.5&s=53a1a565a7359162fc2cb50d4691d4da,"Tue, Nov 11",7:00 PM,,eventbrite_sf,general,0,firecrawl_scraped,2025-10-23T19:41:33.799181
San Francisco · Alchemist Bar & Lounge,https://www.eventbrite.com/e/tech-connect-startups-investors-professionals-networking-san-francisco-tickets-1794603891549?aff=ebdssbdestsearch,"Tue, Nov 11",7:00 PM,,eventbrite_sf,general,0,firecrawl_scraped,2025-10-23T19:41:33.799295
"Tue, Nov 11, 7:00 PM",https://img.evbuc.com/https%3A%2F%2Fcdn.evbuc.com%2Fimages%2F1004678243%2F2108009601763%2F1%2Foriginal.20250409-095700?crop=focalpoint&fit=crop&w=376&auto=format%2Ccompress&q=75&sharp=10&fp-x=0.5&fp-y=0.5&s=53a1a565a7359162fc2cb50d4691d4da,"Tue, Nov 11",7:00 PM,,eventbrite_sf,general,0,firecrawl_scraped,2025-10-23T19:41:33.799424
San Francisco · Alchemist Bar & Lounge,https://www.eventbrite.com/e/tech-connect-startups-investors-professionals-networking-san-francisco-tickets-1794603891549?aff=ebdssbdestsearch,"Tue, Nov 11",7:00 PM,,eventbrite_sf,general,0,firecrawl_scraped,2025-10-23T19:41:33.799534
"Fri, Dec 5, 9:00 AM",https://img.evbuc.com/https%3A%2F%2Fcdn.evbuc.com%2Fimages%2F1159140973%2F321112036139%2F1%2Foriginal.20251021-222954?crop=focalpoint&fit=crop&w=512&auto=format%2Ccompress&q=75&sharp=10&fp-x=0.5&fp-y=0.5&s=f3523f4caad634bd1b97768a15488fdd,"Fri, Dec 5",9:00 AM,,eventbrite_sf,general,0,firecrawl_scraped,2025-10-23T19:41:33.799676
San Francisco · Edge & Node House of Web3,https://www.eventbrite.com/e/tech-weekend-dec-2025-2-days-100-tech-founders-30-vcs-san-francisco-tickets-1854368198199?aff=ebdssbdestsearch,"Fri, Dec 5",9:00 AM,,eventbrite_sf,general,0,firecrawl_scraped,2025-10-23T19:41:33.799794
"Fri, Dec 5, 9:00 AM",https://img.evbuc.com/https%3A%2F%2Fcdn.evbuc.com%2Fimages%2F1159140973%2F321112036139%2F1%2Foriginal.20251021-222954?crop=focalpoint&fit=crop&w=512&auto=format%2Ccompress&q=75&sharp=10&fp-x=0.5&fp-y=0.5&s=f3523f4caad634bd1b97768a15488fdd,"Fri, Dec 5",9:00 AM,,eventbrite_sf,general,0,firecrawl_scraped,2025-10-23T19:41:33.799928
San Francisco · Edge & Node House of Web3,https://www.eventbrite.com/e/tech-weekend-dec-2025-2-days-100-tech-founders-30-vcs-san-francisco-tickets-1854368198199?aff=ebdssbdestsearch,"Fri, Dec 5",9:00 AM,,eventbrite_sf,general,0,firecrawl_scraped,2025-10-23T19:41:33.800045
Tomorrow at 5:30 PM + 8 more,https://www.eventbrite.com/d/san-francisco/tech-events/,Tomorrow,5:30 PM,,eventbrite_sf,general,0,firecrawl_scraped,2025-10-23T19:41:33.800170
San Francisco · Woodbury,https://www.eventbrite.com/d/san-francisco/tech-events/,Tomorrow,5:30 PM,,eventbrite_sf,general,0,firecrawl_scraped,2025-10-23T19:41:33.800277
Tomorrow at 5:30 PM + 8 more,https://www.eventbrite.com/d/san-francisco/tech-events/,Tomorrow,5:30 PM,,eventbrite_sf,general,0,firecrawl_scraped,2025-10-23T19:41:33.800399
San Francisco · Woodbury,https://img.evbuc.com/https%3A%2F%2Fcdn.evbuc.com%2Fimages%2F505042989%2F1317099778183%2F1%2Foriginal.20230501-214220?w=512&auto=format%2Ccompress&q=75&sharp=10&rect=0%2C130%2C1200%2C600&s=8501a67c0189c76a0c723086627f9c7d,Tomorrow,5:30 PM,,eventbrite_sf,general,0,firecrawl_scraped,2025-10-23T19:41:33.800518
"Thu, Oct 30, 6:00 PM",https://img.evbuc.com/https%3A%2F%2Fcdn.evbuc.com%2Fimages%2F505042989%2F1317099778183%2F1%2Foriginal.20230501-214220?w=512&auto=format%2Ccompress&q=75&sharp=10&rect=0%2C130%2C1200%2C600&s=8501a67c0189c76a0c723086627f9c7d,"Thu, Oct 30",6:00 PM,,eventbrite_sf,general,0,firecrawl_scraped,2025-10-23T19:41:33.800605
San Francisco · Toy Soldier,https://www.eventbrite.com/e/sf-startup-tech-mixer-tickets-1618785233209?aff=ebdssbdestsearch,"Thu, Oct 30",6:00 PM,,eventbrite_sf,general,0,firecrawl_scraped,2025-10-23T19:41:33.800672
_Save this event: SF Startup & Tech Mixer__Share this event: SF Startup & Tech Mixer_,https://img.evbuc.com/https%3A%2F%2Fcdn.evbuc.com%2Fimages%2F505042989%2F1317099778183%2F1%2Foriginal.20230501-214220?w=512&auto=format%2Ccompress&q=75&sharp=10&rect=0%2C130%2C1200%2C600&s=8501a67c0189c76a0c723086627f9c7d,,,,eventbrite_sf,tech_meetups,1,firecrawl_scraped,2025-10-23T19:41:33.800884
"Thu, Oct 30, 6:00 PM",https://img.evbuc.com/https%3A%2F%2Fcdn.evbuc.com%2Fimages%2F505042989%2F1317099778183%2F1%2Foriginal.20230501-214220?w=512&auto=format%2Ccompress&q=75&sharp=10&rect=0%2C130%2C1200%2C600&s=8501a67c0189c76a0c723086627f9c7d,"Thu, Oct 30",6:00 PM,,eventbrite_sf,general,0,firecrawl_scraped,2025-10-23T19:41:33.800966
San Francisco · Toy Soldier,https://www.eventbrite.com/e/sf-startup-tech-mixer-tickets-1618785233209?aff=ebdssbdestsearch,"Thu, Oct 30",6:00 PM,,eventbrite_sf,general,0,firecrawl_scraped,2025-10-23T19:41:33.801024
_Share this event: SF Startup & Tech Mixer__Save this event: SF Startup & Tech Mixer_,https://img.evbuc.com/https%3A%2F%2Fcdn.evbuc.com%2Fimages%2F859599149%2F18778688057%2F1%2Foriginal.20240925-225628?crop=focalpoint&fit=crop&w=512&auto=format%2Ccompress&q=75&sharp=10&fp-x=0.211937008482&fp-y=0.517691427202&s=10c9eb95c7fe1796bc4d5adc00b0e0fc,,,,eventbrite_sf,tech_meetups,1,firecrawl_scraped,2025-10-23T19:41:33.801214
"Thu, Nov 6, 8:00 PM + 1 more",https://img.evbuc.com/https%3A%2F%2Fcdn.evbuc.com%2Fimages%2F859599149%2F18778688057%2F1%2Foriginal.20240925-225628?crop=focalpoint&fit=crop&w=512&auto=format%2Ccompress&q=75&sharp=10&fp-x=0.211937008482&fp-y=0.517691427202&s=10c9eb95c7fe1796bc4d5adc00b0e0fc,"Thu, Nov 6",8:00 PM,,eventbrite_sf,general,0,firecrawl_scraped,2025-10-23T19:41:33.801293
San Francisco · Endgames Improv Theater,https://www.eventbrite.com/e/go-tech-yourself-tickets-1029313784237?aff=ebdssbdestsearch,"Thu, Nov 6",8:00 PM,,eventbrite_sf,general,0,firecrawl_scraped,2025-10-23T19:41:33.801352
_Save this event: Go Tech Yourself__Share this event: Go Tech Yourself_,https://img.evbuc.com/https%3A%2F%2Fcdn.evbuc.com%2Fimages%2F859599149%2F18778688057%2F1%2Foriginal.20240925-225628?crop=focalpoint&fit=crop&w=512&auto=format%2Ccompress&q=75&sharp=10&fp-x=0.211937008482&fp-y=0.517691427202&s=10c9eb95c7fe1796bc4d5adc00b0e0fc,,,,eventbrite_sf,tech_meetups,1,firecrawl_scraped,2025-10-23T19:41:33.801542
"Thu, Nov 6, 8:00 PM + 1 more",https://img.evbuc.com/https%3A%2F%2Fcdn.evbuc.com%2Fimages%2F859599149%2F18778688057%2F1%2Foriginal.20240925-225628?crop=focalpoint&fit=crop&w=512&auto=format%2Ccompress&q=75&sharp=10&fp-x=0.211937008482&fp-y=0.517691427202&s=10c9eb95c7fe1796bc4d5adc00b0e0fc,"Thu, Nov 6",8:00 PM,,eventbrite_sf,general,0,firecrawl_scraped,2025-10-23T19:41:33.801618
San Francisco · Endgames Improv Theater,https://www.eventbrite.com/e/go-tech-yourself-tickets-1029313784237?aff=ebdssbdestsearch,"Thu, Nov 6",8:00 PM,,eventbrite_sf,general,0,firecrawl_scraped,2025-10-23T19:41:33.801676
_Share this event: Go Tech Yourself__Save this event: Go Tech Yourself_,https://img.evbuc.com/https%3A%2F%2Fcdn.evbuc.com%2Fimages%2F1156617693%2F2108009601763%2F1%2Foriginal.20251018-164019?crop=focalpoint&fit=crop&w=512&auto=format%2Ccompress&q=75&sharp=10&fp-x=0.5&fp-y=0.5&s=83aed710037a354a4afcdc8ffee9f61c,,,,eventbrite_sf,tech_meetups,1,firecrawl_scraped,2025-10-23T19:41:33.801896
"Mon, Nov 17, 7:00 PM",https://img.evbuc.com/https%3A%2F%2Fcdn.evbuc.com%2Fimages%2F1156617693%2F2108009601763%2F1%2Foriginal.20251018-164019?crop=focalpoint&fit=crop&w=512&auto=format%2Ccompress&q=75&sharp=10&fp-x=0.5&fp-y=0.5&s=83aed710037a354a4afcdc8ffee9f61c,"Mon, Nov 17",7:00 PM,,eventbrite_sf,general,0,firecrawl_scraped,2025-10-23T19:41:33.802002
San Francisco · Noc Noc,https://www.eventbrite.com/e/healthtech-startups-investors-innovators-networking-event-san-francisco-tickets-1841920697389?aff=ebdssbdestsearch,"Mon, Nov 17",7:00 PM,,eventbrite_sf,general,0,firecrawl_scraped,2025-10-23T19:41:33.802124
"Mon, Nov 17, 7:00 PM",https://img.evbuc.com/https%3A%2F%2Fcdn.evbuc.com%2Fimages%2F1156617693%2F2108009601763%2F1%2Foriginal.20251018-164019?crop=focalpoint&fit=crop&w=512&auto=format%2Ccompress&q=75&sharp=10&fp-x=0.5&fp-y=0.5&s=83aed710037a354a4afcdc8ffee9f61c,"Mon, Nov 17",7:00 PM,,eventbrite_sf,general,0,firecrawl_scraped,2025-10-23T19:41:33.802249
San Francisco · Noc Noc,https://www.eventbrite.com/e/healthtech-startups-investors-innovators-networking-event-san-francisco-tickets-1841920697389?aff=ebdssbdestsearch,"Mon, Nov 17",7:00 PM,,eventbrite_sf,general,0,firecrawl_scraped,2025-10-23T19:41:33.802345
"Fri, Nov 14, 6:00 PM",https://img.evbuc.com/https%3A%2F%2Fcdn.evbuc.com%2Fimages%2F1142296243%2F1309910875673%2F1%2Foriginal.20251002-073105?w=376&auto=format%2Ccompress&q=75&sharp=10&s=222cd4e3df4416297b8ae0061e943f3b,"Fri, Nov 14",6:00 PM,,eventbrite_sf,general,0,firecrawl_scraped,2025-10-23T19:41:33.802451
San Francisco · 1 Front St,https://www.eventbrite.com/e/exclusive-meet-up-with-tech-experts-founders-and-investors-in-sf-tickets-1763978510209?aff=ebdssbdestsearch,"Fri, Nov 14",6:00 PM,,eventbrite_sf,general,0,firecrawl_scraped,2025-10-23T19:41:33.802537
"Fri, Nov 14, 6:00 PM",https://img.evbuc.com/https%3A%2F%2Fcdn.evbuc.com%2Fimages%2F1142296243%2F1309910875673%2F1%2Foriginal.20251002-073105?w=376&auto=format%2Ccompress&q=75&sharp=10&s=222cd4e3df4416297b8ae0061e943f3b,"Fri, Nov 14",6:00 PM,,eventbrite_sf,general,0,firecrawl_scraped,2025-10-23T19:41:33.802639
San Francisco · 1 Front St,https://www.eventbrite.com/e/exclusive-meet-up-with-tech-experts-founders-and-investors-in-sf-tickets-1763978510209?aff=ebdssbdestsearch,"Fri, Nov 14",6:00 PM,,eventbrite_sf,general,0,firecrawl_scraped,2025-10-23T19:41:33.802724
"Thu, May 21, 6:00 PM",https://www.eventbrite.com/e/women-in-tech-san-francisco-2026-tickets-981814612937?aff=ebdssbdestsearch,"Thu, May 21",6:00 PM,,eventbrite_sf,general,0,firecrawl_scraped,2025-10-23T19:41:33.802806
San Francisco · San Francisco,https://www.eventbrite.com/e/women-in-tech-san-francisco-2026-tickets-981814612937?aff=ebdssbdestsearch,"Thu, May 21",6:00 PM,,eventbrite_sf,general,0,firecrawl_scraped,2025-10-23T19:41:33.802872
"Thu, May 21, 6:00 PM",https://www.eventbrite.com/e/women-in-tech-san-francisco-2026-tickets-981814612937?aff=ebdssbdestsearch,"Thu, May 21",6:00 PM,,eventbrite_sf,general,0,firecrawl_scraped,2025-10-23T19:41:33.802952
San Francisco · San Francisco,https://www.eventbrite.com/e/women-in-tech-san-francisco-2026-tickets-981814612937?aff=ebdssbdestsearch,"Thu, May 21",6:00 PM,,eventbrite_sf,general,0,firecrawl_scraped,2025-10-23T19:41:33.803021
"Wed, Nov 19, 5:00 PM",https://img.evbuc.com/https%3A%2F%2Fcdn.evbuc.com%2Fimages%2F1139103503%2F246699242464%2F1%2Foriginal.20250929-184058?crop=focalpoint&fit=crop&w=512&auto=format%2Ccompress&q=75&sharp=10&fp-x=0.5&fp-y=0.5&s=2a899126e6479b0fd6e3737694c840cb,"Wed, Nov 19",5:00 PM,,eventbrite_sf,general,0,firecrawl_scraped,2025-10-23T19:41:33.803159
San Francisco · Jonathan Adler,https://www.eventbrite.com/e/youre-invited-houzz-ai-and-3d-design-tech-happy-hour-tickets-1754747730699?aff=ebdssbdestsearch,"Wed, Nov 19",5:00 PM,,eventbrite_sf,general,0,firecrawl_scraped,2025-10-23T19:41:33.803267
"Wed, Nov 19, 5:00 PM",https://img.evbuc.com/https%3A%2F%2Fcdn.evbuc.com%2Fimages%2F1139103503%2F246699242464%2F1%2Foriginal.20250929-184058?crop=focalpoint&fit=crop&w=512&auto=format%2Ccompress&q=75&sharp=10&fp-x=0.5&fp-y=0.5&s=2a899126e6479b0fd6e3737694c840cb,"Wed, Nov 19",5:00 PM,,eventbrite_sf,general,0,firecrawl_scraped,2025-10-23T19:41:33.803398
San Francisco · Jonathan Adler,https://www.eventbrite.com/e/youre-invited-houzz-ai-and-3d-design-tech-happy-hour-tickets-1754747730699?aff=ebdssbdestsearch,"Wed, Nov 19",5:00 PM,,eventbrite_sf,general,0,firecrawl_scraped,2025-10-23T19:41:33.803505
Tomorrow at 5:30 PM + 8 more,https://www.eventbrite.com/d/san-francisco/tech-events/,Tomorrow,5:30 PM,,eventbrite_sf,general,0,firecrawl_scraped,2025-10-23T19:41:33.803615
San Francisco · Woodbury,https://www.eventbrite.com/d/san-francisco/tech-events/,Tomorrow,5:30 PM,,eventbrite_sf,general,0,firecrawl_scraped,2025-10-23T19:41:33.803699
Tomorrow at 5:30 PM + 8 more,https://www.eventbrite.com/d/san-francisco/tech-events/,Tomorrow,5:30 PM,,eventbrite_sf,general,0,firecrawl_scraped,2025-10-23T19:41:33.803796
San Francisco · Woodbury,https://www.eventbrite.com/d/san-francisco/tech-events/,Tomorrow,5:30 PM,,eventbrite_sf,general,0,firecrawl_scraped,2025-10-23T19:41:33.803890
Tomorrow at 5:30 PM + 30 more,https://www.eventbrite.com/d/san-francisco/tech-events/,Tomorrow,5:30 PM,,eventbrite_sf,general,0,firecrawl_scraped,2025-10-23T19:41:33.804022
San Francisco · Woodbury,https://www.eventbrite.com/d/san-francisco/tech-events/,Tomorrow,5:30 PM,,eventbrite_sf,general,0,firecrawl_scraped,2025-10-23T19:41:33.804131
Tomorrow at 5:30 PM + 30 more,https://www.eventbrite.com/d/san-francisco/tech-events/,Tomorrow,5:30 PM,,eventbrite_sf,general,0,firecrawl_scraped,2025-10-23T19:41:33.804297
San Francisco · Woodbury,https://img.evbuc.com/https%3A%2F%2Fcdn.evbuc.com%2Fimages%2F920681243%2F2244249934723%2F1%2Foriginal.20241219-231107?crop=focalpoint&fit=crop&w=376&auto=format%2Ccompress&q=75&sharp=10&fp-x=0.508522727273&fp-y=0.502483443709&s=c866d7f221ddb9570eb51d679608a3da,Tomorrow,5:30 PM,,eventbrite_sf,general,0,firecrawl_scraped,2025-10-23T19:41:33.804410
"Wed, Nov 5, 6:00 PM",https://img.evbuc.com/https%3A%2F%2Fcdn.evbuc.com%2Fimages%2F920681243%2F2244249934723%2F1%2Foriginal.20241219-231107?crop=focalpoint&fit=crop&w=376&auto=format%2Ccompress&q=75&sharp=10&fp-x=0.508522727273&fp-y=0.502483443709&s=c866d7f221ddb9570eb51d679608a3da,"Wed, Nov 5",6:00 PM,,eventbrite_sf,general,0,firecrawl_scraped,2025-10-23T19:41:33.804514
San Francisco · The Showdown,https://www.eventbrite.com/e/engineering-and-business-networking-elevating-your-potential-sf-tickets-1557378814959?aff=ebdssbdestsearch,"Wed, Nov 5",6:00 PM,,eventbrite_sf,general,0,firecrawl_scraped,2025-10-23T19:41:33.804601
"Wed, Nov 5, 6:00 PM",https://img.evbuc.com/https%3A%2F%2Fcdn.evbuc.com%2Fimages%2F920681243%2F2244249934723%2F1%2Foriginal.20241219-231107?crop=focalpoint&fit=crop&w=376&auto=format%2Ccompress&q=75&sharp=10&fp-x=0.508522727273&fp-y=0.502483443709&s=c866d7f221ddb9570eb51d679608a3da,"Wed, Nov 5",6:00 PM,,eventbrite_sf,general,0,firecrawl_scraped,2025-10-23T19:41:33.804703
San Francisco · The Showdown,https://www.eventbrite.com/e/engineering-and-business-networking-elevating-your-potential-sf-tickets-1557378814959?aff=ebdssbdestsearch,"Wed, Nov 5",6:00 PM,,eventbrite_sf,general,0,firecrawl_scraped,2025-10-23T19:41:33.804789
"Wed, Nov 12, 6:00 PM",https://img.evbuc.com/https%3A%2F%2Fcdn.evbuc.com%2Fimages%2F1146337293%2F2663657946671%2F1%2Foriginal.20251007-012726?crop=focalpoint&fit=crop&w=512&auto=format%2Ccompress&q=75&sharp=10&fp-x=0.5&fp-y=0.5&s=736e4d7673d085419b0e735325730acc,"Wed, Nov 12",6:00 PM,,eventbrite_sf,general,0,firecrawl_scraped,2025-10-23T19:41:33.804881
San Francisco · Manny's,https://www.eventbrite.com/e/every-day-computers-are-making-people-easier-to-use-tickets-1778799871299?aff=ebdssbdestsearch,"Wed, Nov 12",6:00 PM,,eventbrite_sf,general,0,firecrawl_scraped,2025-10-23T19:41:33.804956
"Wed, Nov 12, 6:00 PM",https://img.evbuc.com/https%3A%2F%2Fcdn.evbuc.com%2Fimages%2F1146337293%2F2663657946671%2F1%2Foriginal.20251007-012726?crop=focalpoint&fit=crop&w=512&auto=format%2Ccompress&q=75&sharp=10&fp-x=0.5&fp-y=0.5&s=736e4d7673d085419b0e735325730acc,"Wed, Nov 12",6:00 PM,,eventbrite_sf,general,0,firecrawl_scraped,2025-10-23T19:41:33.805050
San Francisco · Manny's,https://www.eventbrite.com/e/every-day-computers-are-making-people-easier-to-use-tickets-1778799871299?aff=ebdssbdestsearch,"Wed, Nov 12",6:00 PM,,eventbrite_sf,general,0,firecrawl_scraped,2025-10-23T19:41:33.805124
[Trends in San Francisco](https://www.eventbrite.com/trending/searches/ca--san-francisco/),https://www.eventbrite.com/ttd/ca--palo-alto/,,,,eventbrite_sf,general,0,firecrawl_scraped,2025-10-23T19:41:33.805256
find Halloween events for every vibe.,https://www.eventbrite.com/support/articles/en_US/Troubleshooting/how-to-troubleshoot-internet-browser-issues,,,,eventbrite_chicago,general,0,firecrawl_scraped,2025-10-23T19:41:36.538181
Neighborhood,https://www.eventbrite.com/d/chicago/tech-events/,,,,eventbrite_chicago,general,0,firecrawl_scraped,2025-10-23T19:41:36.538240
"Wed, Nov 5, 4:00 PM EST",https://www.eventbrite.com/d/chicago/tech-events/,"Wed, Nov 5",4:00 PM,,eventbrite_chicago,general,0,firecrawl_scraped,2025-10-23T19:41:36.538395
Tech Transformation Hub,https://www.eventbrite.com/d/chicago/tech-events/,,,,eventbrite_chicago,tech_meetups,1,firecrawl_scraped,2025-10-23T19:41:36.538441
37 followers,https://www.eventbrite.com/d/chicago/tech-events/,,,,eventbrite_chicago,general,0,firecrawl_scraped,2025-10-23T19:41:36.538485
_Promoted event actions_,https://www.eventbrite.com/d/chicago/tech-events/,,,,eventbrite_chicago,general,0,firecrawl_scraped,2025-10-23T19:41:36.538857
"Wed, Nov 5, 4:00 PM EST",https://www.eventbrite.com/d/chicago/tech-events/,"Wed, Nov 5",4:00 PM,,eventbrite_chicago,general,0,firecrawl_scraped,2025-10-23T19:41:36.539000
_Promoted event actions_,https://www.eventbrite.com/d/chicago/tech-events/,,,,eventbrite_chicago,general,0,firecrawl_scraped,2025-10-23T19:41:36.539378
"Thu, Oct 30, 8:00 PM GMT",https://www.eventbrite.com/d/chicago/tech-events/,"Thu, Oct 30",8:00 PM,,eventbrite_chicago,general,0,firecrawl_scraped,2025-10-23T19:41:36.539509
Passive Digital Income Club,https://www.eventbrite.com/d/chicago/tech-events/,,,,eventbrite_chicago,general,0,firecrawl_scraped,2025-10-23T19:41:36.539555
114 followers,https://www.eventbrite.com/d/chicago/tech-events/,,,,eventbrite_chicago,general,0,firecrawl_scraped,2025-10-23T19:41:36.539601
_Promoted event actions_,https://www.eventbrite.com/d/chicago/tech-events/,,,,eventbrite_chicago,general,0,firecrawl_scraped,2025-10-23T19:41:36.539939
"Thu, Oct 30, 8:00 PM GMT",https://www.eventbrite.com/d/chicago/tech-events/,"Thu, Oct 30",8:00 PM,,eventbrite_chicago,general,0,firecrawl_scraped,2025-10-23T19:41:36.540067
_Promoted event actions_,https://img.evbuc.com/https%3A%2F%2Fcdn.evbuc.com%2Fimages%2F1141372133%2F2855813132821%2F1%2Foriginal.20251001-141709?crop=focalpoint&fit=crop&h=230&w=460&auto=format%2Ccompress&q=75&sharp=10&fp-x=0.867&fp-y=0.424&s=40459cc167a8dd2f68c4b45c7146955b,,,,eventbrite_chicago,general,0,firecrawl_scraped,2025-10-23T19:41:36.540387
Wednesday at 12:00 PM CDT,https://img.evbuc.com/https%3A%2F%2Fcdn.evbuc.com%2Fimages%2F1141372133%2F2855813132821%2F1%2Foriginal.20251001-141709?crop=focalpoint&fit=crop&h=230&w=460&auto=format%2Ccompress&q=75&sharp=10&fp-x=0.867&fp-y=0.424&s=40459cc167a8dd2f68c4b45c7146955b,Wednesday at 12,12:00 PM,,eventbrite_chicago,general,0,firecrawl_scraped,2025-10-23T19:41:36.540494
Senior Tech Connect,https://www.eventbrite.com/d/chicago/tech-events/,,,,eventbrite_chicago,tech_meetups,1,firecrawl_scraped,2025-10-23T19:41:36.540535
135 followers,https://www.eventbrite.com/d/chicago/tech-events/,,,,eventbrite_chicago,general,0,firecrawl_scraped,2025-10-23T19:41:36.540576
_Promoted event actions_,https://img.evbuc.com/https%3A%2F%2Fcdn.evbuc.com%2Fimages%2F1141372133%2F2855813132821%2F1%2Foriginal.20251001-141709?crop=focalpoint&fit=crop&h=230&w=460&auto=format%2Ccompress&q=75&sharp=10&fp-x=0.867&fp-y=0.424&s=40459cc167a8dd2f68c4b45c7146955b,,,,eventbrite_chicago,general,0,firecrawl_scraped,2025-10-23T19:41:36.540866
Wednesday at 12:00 PM CDT,https://img.evbuc.com/https%3A%2F%2Fcdn.evbuc.com%2Fimages%2F1141372133%2F2855813132821%2F1%2Foriginal.20251001-141709?crop=focalpoint&fit=crop&h=230&w=460&auto=format%2Ccompress&q=75&sharp=10&fp-x=0.867&fp-y=0.424&s=40459cc167a8dd2f68c4b45c7146955b,Wednesday at 12,12:00 PM,,eventbrite_chicago,general,0,firecrawl_scraped,2025-10-23T19:41:36.540971
_Promoted event actions_,https://www.eventbrite.com/d/chicago/tech-events/,,,,eventbrite_chicago,general,0,firecrawl_scraped,2025-10-23T19:41:36.541249
"Fri, Nov 14, 7:00 PM",https://www.eventbrite.com/d/chicago/tech-events/,"Fri, Nov 14",7:00 PM,,eventbrite_chicago,general,0,firecrawl_scraped,2025-10-23T19:41:36.541366
Chicago · Joy District,https://www.eventbrite.com/d/chicago/tech-events/,"Fri, Nov 14",7:00 PM,,eventbrite_chicago,general,0,firecrawl_scraped,2025-10-23T19:41:36.541476
"Fri, Nov 14, 7:00 PM",https://www.eventbrite.com/d/chicago/tech-events/,"Fri, Nov 14",7:00 PM,,eventbrite_chicago,general,0,firecrawl_scraped,2025-10-23T19:41:36.541592
Chicago · Joy District,https://img.evbuc.com/https%3A%2F%2Fcdn.evbuc.com%2Fimages%2F914377633%2F45737626823%2F1%2Foriginal.20241209-200900?crop=focalpoint&fit=crop&auto=format%2Ccompress&q=75&sharp=10&fp-x=0.0542928522283&fp-y=0.550994873047&s=fe5fb8f8c521aad4cae96bd23eb75e41,"Fri, Nov 14",7:00 PM,,eventbrite_chicago,general,0,firecrawl_scraped,2025-10-23T19:41:36.541692
"Thu, Nov 13, 6:00 PM",https://img.evbuc.com/https%3A%2F%2Fcdn.evbuc.com%2Fimages%2F914377633%2F45737626823%2F1%2Foriginal.20241209-200900?crop=focalpoint&fit=crop&auto=format%2Ccompress&q=75&sharp=10&fp-x=0.0542928522283&fp-y=0.550994873047&s=fe5fb8f8c521aad4cae96bd23eb75e41,"Thu, Nov 13",6:00 PM,,eventbrite_chicago,general,0,firecrawl_scraped,2025-10-23T19:41:36.541850
Chicago · Host women in tech in your HQ!,https://www.eventbrite.com/e/outgeek-women-in-tech-chicago-team-ticket-tickets-865591546617?aff=ebdssbdestsearch,"Thu, Nov 13",6:00 PM,,eventbrite_chicago,tech_meetups,1,firecrawl_scraped,2025-10-23T19:41:36.541973
"Thu, Nov 13, 6:00 PM",https://img.evbuc.com/https%3A%2F%2Fcdn.evbuc.com%2Fimages%2F914377633%2F45737626823%2F1%2Foriginal.20241209-200900?crop=focalpoint&fit=crop&auto=format%2Ccompress&q=75&sharp=10&fp-x=0.0542928522283&fp-y=0.550994873047&s=fe5fb8f8c521aad4cae96bd23eb75e41,"Thu, Nov 13",6:00 PM,,eventbrite_chicago,general,0,firecrawl_scraped,2025-10-23T19:41:36.542102
Chicago · Host women in tech in your HQ!,https://www.eventbrite.com/e/outgeek-women-in-tech-chicago-team-ticket-tickets-865591546617?aff=ebdssbdestsearch,"Thu, Nov 13",6:00 PM,,eventbrite_chicago,tech_meetups,1,firecrawl_scraped,2025-10-23T19:41:36.542211
"Wed, Nov 26, 7:00 PM",https://img.evbuc.com/https%3A%2F%2Fcdn.evbuc.com%2Fimages%2F1135816123%2F2171032696763%2F1%2Foriginal.20250925-231532?crop=focalpoint&fit=crop&w=512&auto=format%2Ccompress&q=75&sharp=10&fp-x=0.045&fp-y=0.082&s=d94476e89134cf94f93dec8daa538be3,"Wed, Nov 26",7:00 PM,,eventbrite_chicago,general,0,firecrawl_scraped,2025-10-23T19:41:36.542340
Chicago · Kubo Chicago,https://www.eventbrite.com/e/tech-networking-event-by-startup-valley-in-chicago-tickets-1738178010219?aff=ebdssbdestsearch,"Wed, Nov 26",7:00 PM,,eventbrite_chicago,general,0,firecrawl_scraped,2025-10-23T19:41:36.542466
"Wed, Nov 26, 7:00 PM",https://img.evbuc.com/https%3A%2F%2Fcdn.evbuc.com%2Fimages%2F1135816123%2F2171032696763%2F1%2Foriginal.20250925-231532?crop=focalpoint&fit=crop&w=512&auto=format%2Ccompress&q=75&sharp=10&fp-x=0.045&fp-y=0.082&s=d94476e89134cf94f93dec8daa538be3,"Wed, Nov 26",7:00 PM,,eventbrite_chicago,general,0,firecrawl_scraped,2025-10-23T19:41:36.542595
Chicago · Kubo Chicago,https://www.eventbrite.com/e/tech-networking-event-by-startup-valley-in-chicago-tickets-1738178010219?aff=ebdssbdestsearch,"Wed, Nov 26",7:00 PM,,eventbrite_chicago,general,0,firecrawl_scraped,2025-10-23T19:41:36.542698
"Wed, Nov 5, 6:30 PM",https://img.evbuc.com/https%3A%2F%2Fcdn.evbuc.com%2Fimages%2F977847543%2F1924315149053%2F1%2Foriginal.20250307-120745?crop=focalpoint&fit=crop&w=512&auto=format%2Ccompress&q=75&sharp=10&fp-x=0.005&fp-y=0.005&s=c1a81a571305379a068e00a1e4c74cb1,"Wed, Nov 5",6:30 PM,,eventbrite_chicago,general,0,firecrawl_scraped,2025-10-23T19:41:36.542813
Chicago · Barcocina Lakeview,https://www.eventbrite.com/e/tech-networking-event-in-chicago-tickets-1393406800249?aff=ebdssbdestsearch,"Wed, Nov 5",6:30 PM,,eventbrite_chicago,general,0,firecrawl_scraped,2025-10-23T19:41:36.542904
"Wed, Nov 5, 6:30 PM",https://img.evbuc.com/https%3A%2F%2Fcdn.evbuc.com%2Fimages%2F977847543%2F1924315149053%2F1%2Foriginal.20250307-120745?crop=focalpoint&fit=crop&w=512&auto=format%2Ccompress&q=75&sharp=10&fp-x=0.005&fp-y=0.005&s=c1a81a571305379a068e00a1e4c74cb1,"Wed, Nov 5",6:30 PM,,eventbrite_chicago,general,0,firecrawl_scraped,2025-10-23T19:41:36.543018
Chicago · Barcocina Lakeview,https://www.eventbrite.com/e/tech-networking-event-in-chicago-tickets-1393406800249?aff=ebdssbdestsearch,"Wed, Nov 5",6:30 PM,,eventbrite_chicago,general,0,firecrawl_scraped,2025-10-23T19:41:36.543108
"Thu, Oct 30, 6:00 PM",https://img.evbuc.com/https%3A%2F%2Fcdn.evbuc.com%2Fimages%2F1136915883%2F1317099778183%2F1%2Foriginal.20240716-184344?w=512&auto=format%2Ccompress&q=75&sharp=10&rect=0%2C0%2C2160%2C1080&s=fd0992e9ea3c804de57eac871746a89f,"Thu, Oct 30",6:00 PM,,eventbrite_chicago,general,0,firecrawl_scraped,2025-10-23T19:41:36.543228
Chicago · Arlo Chicago (Formerly Hotel Julian),https://www.eventbrite.com/e/women-in-tech-chicago-2025-tickets-1749236235669?aff=ebdssbdestsearch,"Thu, Oct 30",6:00 PM,,eventbrite_chicago,general,0,firecrawl_scraped,2025-10-23T19:41:36.543323
_Save this event: Women in Tech Chicago 2025__Share this event: Women in Tech Chicago 2025_,https://img.evbuc.com/https%3A%2F%2Fcdn.evbuc.com%2Fimages%2F1136915883%2F1317099778183%2F1%2Foriginal.20240716-184344?w=512&auto=format%2Ccompress&q=75&sharp=10&rect=0%2C0%2C2160%2C1080&s=fd0992e9ea3c804de57eac871746a89f,,,,eventbrite_chicago,tech_meetups,1,firecrawl_scraped,2025-10-23T19:41:36.543567
"Thu, Oct 30, 6:00 PM",https://img.evbuc.com/https%3A%2F%2Fcdn.evbuc.com%2Fimages%2F1136915883%2F1317099778183%2F1%2Foriginal.20240716-184344?w=512&auto=format%2Ccompress&q=75&sharp=10&rect=0%2C0%2C2160%2C1080&s=fd0992e9ea3c804de57eac871746a89f,"Thu, Oct 30",6:00 PM,,eventbrite_chicago,general,0,firecrawl_scraped,2025-10-23T19:41:36.543664
Chicago · Arlo Chicago (Formerly Hotel Julian),https://www.eventbrite.com/e/women-in-tech-chicago-2025-tickets-1749236235669?aff=ebdssbdestsearch,"Thu, Oct 30",6:00 PM,,eventbrite_chicago,general,0,firecrawl_scraped,2025-10-23T19:41:36.543742
_Share this event: Women in Tech Chicago 2025__Save this event: Women in Tech Chicago 2025_,https://www.eventbrite.com/d/chicago/tech-events/,,,,eventbrite_chicago,tech_meetups,1,firecrawl_scraped,2025-10-23T19:41:36.543978
Wednesday at 7:00 PM,https://www.eventbrite.com/d/chicago/tech-events/,Wednesday at 7,7:00 PM,,eventbrite_chicago,general,0,firecrawl_scraped,2025-10-23T19:41:36.544076
Chicago · Joy District,https://www.eventbrite.com/d/chicago/tech-events/,Wednesday at 7,7:00 PM,,eventbrite_chicago,general,0,firecrawl_scraped,2025-10-23T19:41:36.544156
Wednesday at 7:00 PM,https://www.eventbrite.com/d/chicago/tech-events/,Wednesday at 7,7:00 PM,,eventbrite_chicago,general,0,firecrawl_scraped,2025-10-23T19:41:36.544253
Chicago · Joy District,https://img.evbuc.com/https%3A%2F%2Fcdn.evbuc.com%2Fimages%2F987178023%2F2171032696763%2F1%2Foriginal.20250319-005044?crop=focalpoint&fit=crop&w=512&auto=format%2Ccompress&q=75&sharp=10&fp-x=0.0498999393348&fp-y=0.136265256512&s=5ee8b15844d07c2b34cadc31248278d0,Wednesday at 7,7:00 PM,,eventbrite_chicago,general,0,firecrawl_scraped,2025-10-23T19:41:36.544336
"Wed, Nov 26, 7:00 PM",https://img.evbuc.com/https%3A%2F%2Fcdn.evbuc.com%2Fimages%2F987178023%2F2171032696763%2F1%2Foriginal.20250319-005044?crop=focalpoint&fit=crop&w=512&auto=format%2Ccompress&q=75&sharp=10&fp-x=0.0498999393348&fp-y=0.136265256512&s=5ee8b15844d07c2b34cadc31248278d0,"Wed, Nov 26",7:00 PM,,eventbrite_chicago,general,0,firecrawl_scraped,2025-10-23T19:41:36.544428
Chicago · Kubo Chicago,https://www.eventbrite.com/e/ai-tech-networking-chicago-tickets-1738110127179?aff=ebdssbdestsearch,"Wed, Nov 26",7:00 PM,,eventbrite_chicago,general,0,firecrawl_scraped,2025-10-23T19:41:36.544496
_Save this event: AI & Tech Networking Chicago__Share this event: AI & Tech Networking Chicago_,https://img.evbuc.com/https%3A%2F%2Fcdn.evbuc.com%2Fimages%2F987178023%2F2171032696763%2F1%2Foriginal.20250319-005044?crop=focalpoint&fit=crop&w=512&auto=format%2Ccompress&q=75&sharp=10&fp-x=0.0498999393348&fp-y=0.136265256512&s=5ee8b15844d07c2b34cadc31248278d0,,,,eventbrite_chicago,"ai_events, tech_meetups",2,firecrawl_scraped,2025-10-23T19:41:36.544730
"Wed, Nov 26, 7:00 PM",https://img.evbuc.com/https%3A%2F%2Fcdn.evbuc.com%2Fimages%2F987178023%2F2171032696763%2F1%2Foriginal.20250319-005044?crop=focalpoint&fit=crop&w=512&auto=format%2Ccompress&q=75&sharp=10&fp-x=0.0498999393348&fp-y=0.136265256512&s=5ee8b15844d07c2b34cadc31248278d0,"Wed, Nov 26",7:00 PM,,eventbrite_chicago,general,0,firecrawl_scraped,2025-10-23T19:41:36.544818
Chicago · Kubo Chicago,https://www.eventbrite.com/e/ai-tech-networking-chicago-tickets-1738110127179?aff=ebdssbdestsearch,"Wed, Nov 26",7:00 PM,,eventbrite_chicago,general,0,firecrawl_scraped,2025-10-23T19:41:36.544886
_Share this event: AI & Tech Networking Chicago__Save this event: AI & Tech Networking Chicago_,https://img.evbuc.com/https%3A%2F%2Fcdn.evbuc.com%2Fimages%2F920431313%2F2244249934723%2F1%2Foriginal.20241219-165036?crop=focalpoint&fit=crop&w=512&auto=format%2Ccompress&q=75&sharp=10&fp-x=0.512310606061&fp-y=0.528973509934&s=91016ba68d7a02444b1f89a500aebace,,,,eventbrite_chicago,"ai_events, tech_meetups",2,firecrawl_scraped,2025-10-23T19:41:36.545147
"Wed, Nov 19, 6:00 PM",https://img.evbuc.com/https%3A%2F%2Fcdn.evbuc.com%2Fimages%2F920431313%2F2244249934723%2F1%2Foriginal.20241219-165036?crop=focalpoint&fit=crop&w=512&auto=format%2Ccompress&q=75&sharp=10&fp-x=0.512310606061&fp-y=0.528973509934&s=91016ba68d7a02444b1f89a500aebace,"Wed, Nov 19",6:00 PM,,eventbrite_chicago,general,0,firecrawl_scraped,2025-10-23T19:41:36.545266
Chicago · Barstool River North,https://www.eventbrite.com/e/tech-and-business-networking-elevating-your-potential-chicago-tickets-1602613121989?aff=ebdssbdestsearch,"Wed, Nov 19",6:00 PM,,eventbrite_chicago,general,0,firecrawl_scraped,2025-10-23T19:41:36.545367
"Wed, Nov 19, 6:00 PM",https://img.evbuc.com/https%3A%2F%2Fcdn.evbuc.com%2Fimages%2F920431313%2F2244249934723%2F1%2Foriginal.20241219-165036?crop=focalpoint&fit=crop&w=512&auto=format%2Ccompress&q=75&sharp=10&fp-x=0.512310606061&fp-y=0.528973509934&s=91016ba68d7a02444b1f89a500aebace,"Wed, Nov 19",6:00 PM,,eventbrite_chicago,general,0,firecrawl_scraped,2025-10-23T19:41:36.545486
Chicago · Barstool River North,https://www.eventbrite.com/e/tech-and-business-networking-elevating-your-potential-chicago-tickets-1602613121989?aff=ebdssbdestsearch,"Wed, Nov 19",6:00 PM,,eventbrite_chicago,general,0,firecrawl_scraped,2025-10-23T19:41:36.545586
View 2 similar results,https://www.eventbrite.com/d/chicago/tech-events/,,,,eventbrite_chicago,general,0,firecrawl_scraped,2025-10-23T19:41:36.545848
Tomorrow at 5:30 PM + 8 more,https://www.eventbrite.com/d/chicago/tech-events/,Tomorrow,5:30 PM,,eventbrite_chicago,general,0,firecrawl_scraped,2025-10-23T19:41:36.545968
Chicago · Hopsmith Chicago,https://www.eventbrite.com/d/chicago/tech-events/,Tomorrow,5:30 PM,,eventbrite_chicago,general,0,firecrawl_scraped,2025-10-23T19:41:36.546070
Tomorrow at 5:30 PM + 8 more,https://www.eventbrite.com/d/chicago/tech-events/,Tomorrow,5:30 PM,,eventbrite_chicago,general,0,firecrawl_scraped,2025-10-23T19:41:36.546189
Chicago · Hopsmith Chicago,https://img.evbuc.com/https%3A%2F%2Fcdn.evbuc.com%2Fimages%2F987179473%2F2171032696763%2F1%2Foriginal.20250319-005243?crop=focalpoint&fit=crop&auto=format%2Ccompress&q=75&sharp=10&fp-x=0.0631575150923&fp-y=0.173578689347&s=764abbf05ad73b97e85c04a59d739339,Tomorrow,5:30 PM,,eventbrite_chicago,general,0,firecrawl_scraped,2025-10-23T19:41:36.546296
"Wed, Nov 26, 7:00 PM",https://img.evbuc.com/https%3A%2F%2Fcdn.evbuc.com%2Fimages%2F987179473%2F2171032696763%2F1%2Foriginal.20250319-005243?crop=focalpoint&fit=crop&auto=format%2Ccompress&q=75&sharp=10&fp-x=0.0631575150923&fp-y=0.173578689347&s=764abbf05ad73b97e85c04a59d739339,"Wed, Nov 26",7:00 PM,,eventbrite_chicago,general,0,firecrawl_scraped,2025-10-23T19:41:36.546403
Chicago · Kubo Chicago,https://www.eventbrite.com/e/monthly-startup-tech-business-networking-chicago-tickets-1292026278379?aff=ebdssbdestsearch,"Wed, Nov 26",7:00 PM,,eventbrite_chicago,general,0,firecrawl_scraped,2025-10-23T19:41:36.546491
"Wed, Nov 26, 7:00 PM",https://img.evbuc.com/https%3A%2F%2Fcdn.evbuc.com%2Fimages%2F987179473%2F2171032696763%2F1%2Foriginal.20250319-005243?crop=focalpoint&fit=crop&auto=format%2Ccompress&q=75&sharp=10&fp-x=0.0631575150923&fp-y=0.173578689347&s=764abbf05ad73b97e85c04a59d739339,"Wed, Nov 26",7:00 PM,,eventbrite_chicago,general,0,firecrawl_scraped,2025-10-23T19:41:36.546597
Chicago · Kubo Chicago,https://www.eventbrite.com/e/monthly-startup-tech-business-networking-chicago-tickets-1292026278379?aff=ebdssbdestsearch,"Wed, Nov 26",7:00 PM,,eventbrite_chicago,general,0,firecrawl_scraped,2025-10-23T19:41:36.546684
"Thu, Oct 30, 6:00 PM",https://img.evbuc.com/https%3A%2F%2Fcdn.evbuc.com%2Fimages%2F903882683%2F1317099778183%2F1%2Foriginal.20241121-153708?crop=focalpoint&fit=crop&w=512&auto=format%2Ccompress&q=75&sharp=10&fp-x=0.507575757576&fp-y=0.399253731343&s=2451f333ab33497d281bba627fa104da,"Thu, Oct 30",6:00 PM,,eventbrite_chicago,general,0,firecrawl_scraped,2025-10-23T19:41:36.546776
Chicago · Arlo Chicago (Formerly Hotel Julian),https://www.eventbrite.com/e/chicago-tech-mixer-tickets-1749236295849?aff=ebdssbdestsearch,"Thu, Oct 30",6:00 PM,,eventbrite_chicago,general,0,firecrawl_scraped,2025-10-23T19:41:36.546846
_Save this event: Chicago Tech Mixer__Share this event: Chicago Tech Mixer_,https://img.evbuc.com/https%3A%2F%2Fcdn.evbuc.com%2Fimages%2F903882683%2F1317099778183%2F1%2Foriginal.20241121-153708?crop=focalpoint&fit=crop&w=512&auto=format%2Ccompress&q=75&sharp=10&fp-x=0.507575757576&fp-y=0.399253731343&s=2451f333ab33497d281bba627fa104da,,,,eventbrite_chicago,tech_meetups,1,firecrawl_scraped,2025-10-23T19:41:36.547075
"Thu, Oct 30, 6:00 PM",https://img.evbuc.com/https%3A%2F%2Fcdn.evbuc.com%2Fimages%2F903882683%2F1317099778183%2F1%2Foriginal.20241121-153708?crop=focalpoint&fit=crop&w=512&auto=format%2Ccompress&q=75&sharp=10&fp-x=0.507575757576&fp-y=0.399253731343&s=2451f333ab33497d281bba627fa104da,"Thu, Oct 30",6:00 PM,,eventbrite_chicago,general,0,firecrawl_scraped,2025-10-23T19:41:36.547165
Chicago · Arlo Chicago (Formerly Hotel Julian),https://www.eventbrite.com/e/chicago-tech-mixer-tickets-1749236295849?aff=ebdssbdestsearch,"Thu, Oct 30",6:00 PM,,eventbrite_chicago,general,0,firecrawl_scraped,2025-10-23T19:41:36.547235
_Share this event: Chicago Tech Mixer__Save this event: Chicago Tech Mixer_,https://img.evbuc.com/https%3A%2F%2Fcdn.evbuc.com%2Fimages%2F1131974593%2F1317099778183%2F1%2Foriginal.20230705-131453?w=512&auto=format%2Ccompress&q=75&sharp=10&rect=0%2C0%2C2160%2C1080&s=d338039285a83c3a6bab4f5e845e4982,,,,eventbrite_chicago,tech_meetups,1,firecrawl_scraped,2025-10-23T19:41:36.547454
"Thu, Oct 30, 6:00 PM",https://img.evbuc.com/https%3A%2F%2Fcdn.evbuc.com%2Fimages%2F1131974593%2F1317099778183%2F1%2Foriginal.20230705-131453?w=512&auto=format%2Ccompress&q=75&sharp=10&rect=0%2C0%2C2160%2C1080&s=d338039285a83c3a6bab4f5e845e4982,"Thu, Oct 30",6:00 PM,,eventbrite_chicago,general,0,firecrawl_scraped,2025-10-23T19:41:36.547548
Chicago · Arlo Chicago (Formerly Hotel Julian),https://www.eventbrite.com/e/chicago-tech-mixer-2025-tickets-1732511491509?aff=ebdssbdestsearch,"Thu, Oct 30",6:00 PM,,eventbrite_chicago,general,0,firecrawl_scraped,2025-10-23T19:41:36.547623
_Save this event: Chicago Tech Mixer 2025__Share this event: Chicago Tech Mixer 2025_,https://img.evbuc.com/https%3A%2F%2Fcdn.evbuc.com%2Fimages%2F1131974593%2F1317099778183%2F1%2Foriginal.20230705-131453?w=512&auto=format%2Ccompress&q=75&sharp=10&rect=0%2C0%2C2160%2C1080&s=d338039285a83c3a6bab4f5e845e4982,,,,eventbrite_chicago,tech_meetups,1,firecrawl_scraped,2025-10-23T19:41:36.547844
"Thu, Oct 30, 6:00 PM",https://img.evbuc.com/https%3A%2F%2Fcdn.evbuc.com%2Fimages%2F1131974593%2F1317099778183%2F1%2Foriginal.20230705-131453?w=512&auto=format%2Ccompress&q=75&sharp=10&rect=0%2C0%2C2160%2C1080&s=d338039285a83c3a6bab4f5e845e4982,"Thu, Oct 30",6:00 PM,,eventbrite_chicago,general,0,firecrawl_scraped,2025-10-23T19:41:36.547981
Chicago · Arlo Chicago (Formerly Hotel Julian),https://www.eventbrite.com/e/chicago-tech-mixer-2025-tickets-1732511491509?aff=ebdssbdestsearch,"Thu, Oct 30",6:00 PM,,eventbrite_chicago,general,0,firecrawl_scraped,2025-10-23T19:41:36.548055
_Share this event: Chicago Tech Mixer 2025__Save this event: Chicago Tech Mixer 2025_,https://www.eventbrite.com/d/chicago/tech-events/,,,,eventbrite_chicago,tech_meetups,1,firecrawl_scraped,2025-10-23T19:41:36.548136
View 2 similar results,https://www.eventbrite.com/d/chicago/tech-events/,,,,eventbrite_chicago,general,0,firecrawl_scraped,2025-10-23T19:41:36.548368
Tomorrow at 5:30 PM + 8 more,https://www.eventbrite.com/d/chicago/tech-events/,Tomorrow,5:30 PM,,eventbrite_chicago,general,0,firecrawl_scraped,2025-10-23T19:41:36.548493
Chicago · Hopsmith Chicago,https://www.eventbrite.com/d/chicago/tech-events/,Tomorrow,5:30 PM,,eventbrite_chicago,general,0,firecrawl_scraped,2025-10-23T19:41:36.548585
Tomorrow at 5:30 PM + 8 more,https://www.eventbrite.com/d/chicago/tech-events/,Tomorrow,5:30 PM,,eventbrite_chicago,general,0,firecrawl_scraped,2025-10-23T19:41:36.548694
Chicago · Hopsmith Chicago,https://img.evbuc.com/https%3A%2F%2Fcdn.evbuc.com%2Fimages%2F1096948223%2F2244249934723%2F1%2Foriginal.20250815-183102?w=355&auto=format%2Ccompress&q=75&sharp=10&s=a8b52fcaa2fddb3d6a11a94c14993b58,Tomorrow,5:30 PM,,eventbrite_chicago,general,0,firecrawl_scraped,2025-10-23T19:41:36.548787
Wednesday at 6:00 PM,https://img.evbuc.com/https%3A%2F%2Fcdn.evbuc.com%2Fimages%2F1096948223%2F2244249934723%2F1%2Foriginal.20250815-183102?w=355&auto=format%2Ccompress&q=75&sharp=10&s=a8b52fcaa2fddb3d6a11a94c14993b58,Wednesday at 6,6:00 PM,,eventbrite_chicago,general,0,firecrawl_scraped,2025-10-23T19:41:36.548912
Chicago · Parlay Lincoln Park,https://www.eventbrite.com/e/law-and-business-networking-elevating-your-potential-lincoln-park-tickets-1596077453629?aff=ebdssbdestsearch,Wednesday at 6,6:00 PM,,eventbrite_chicago,general,0,firecrawl_scraped,2025-10-23T19:41:36.549032
Wednesday at 6:00 PM,https://img.evbuc.com/https%3A%2F%2Fcdn.evbuc.com%2Fimages%2F1096948223%2F2244249934723%2F1%2Foriginal.20250815-183102?w=355&auto=format%2Ccompress&q=75&sharp=10&s=a8b52fcaa2fddb3d6a11a94c14993b58,Wednesday at 6,6:00 PM,,eventbrite_chicago,general,0,firecrawl_scraped,2025-10-23T19:41:36.549155
Chicago · Parlay Lincoln Park,https://www.eventbrite.com/e/law-and-business-networking-elevating-your-potential-lincoln-park-tickets-1596077453629?aff=ebdssbdestsearch,Wednesday at 6,6:00 PM,,eventbrite_chicago,general,0,firecrawl_scraped,2025-10-23T19:41:36.549270
View 2 similar results,https://img.evbuc.com/https%3A%2F%2Fcdn.evbuc.com%2Fimages%2F1111874783%2F341551715311%2F1%2Foriginal.20250902-171843?crop=focalpoint&fit=crop&w=512&auto=format%2Ccompress&q=75&sharp=10&fp-x=0.403409090909&fp-y=0.0308988764045&s=348703ab85e6f9a3d90f946db8b03593,,,,eventbrite_chicago,general,0,firecrawl_scraped,2025-10-23T19:41:36.549507
"Fri, Dec 5, 9:00 AM",https://img.evbuc.com/https%3A%2F%2Fcdn.evbuc.com%2Fimages%2F1111874783%2F341551715311%2F1%2Foriginal.20250902-171843?crop=focalpoint&fit=crop&w=512&auto=format%2Ccompress&q=75&sharp=10&fp-x=0.403409090909&fp-y=0.0308988764045&s=348703ab85e6f9a3d90f946db8b03593,"Fri, Dec 5",9:00 AM,,eventbrite_chicago,general,0,firecrawl_scraped,2025-10-23T19:41:36.549637
_Save this event: Innovation Day (Fall '25)__Share this event: Innovation Day (Fall '25)_,https://img.evbuc.com/https%3A%2F%2Fcdn.evbuc.com%2Fimages%2F1111874783%2F341551715311%2F1%2Foriginal.20250902-171843?crop=focalpoint&fit=crop&w=512&auto=format%2Ccompress&q=75&sharp=10&fp-x=0.403409090909&fp-y=0.0308988764045&s=348703ab85e6f9a3d90f946db8b03593,,,,eventbrite_chicago,general,0,firecrawl_scraped,2025-10-23T19:41:36.549880
"Fri, Dec 5, 9:00 AM",https://img.evbuc.com/https%3A%2F%2Fcdn.evbuc.com%2Fimages%2F1111874783%2F341551715311%2F1%2Foriginal.20250902-171843?crop=focalpoint&fit=crop&w=512&auto=format%2Ccompress&q=75&sharp=10&fp-x=0.403409090909&fp-y=0.0308988764045&s=348703ab85e6f9a3d90f946db8b03593,"Fri, Dec 5",9:00 AM,,eventbrite_chicago,general,0,firecrawl_scraped,2025-10-23T19:41:36.550005
_Share this event: Innovation Day (Fall '25)__Save this event: Innovation Day (Fall '25)_,https://img.evbuc.com/https%3A%2F%2Fcdn.evbuc.com%2Fimages%2F1096949263%2F2244249934723%2F1%2Foriginal.20250815-183207?crop=focalpoint&fit=crop&auto=format%2Ccompress&q=75&sharp=10&fp-x=0.495075803815&fp-y=0.435761609614&s=ccbee724967dba457e380a2f656712c3,,,,eventbrite_chicago,general,0,firecrawl_scraped,2025-10-23T19:41:36.550277
Wednesday at 6:00 PM,https://img.evbuc.com/https%3A%2F%2Fcdn.evbuc.com%2Fimages%2F1096949263%2F2244249934723%2F1%2Foriginal.20250815-183207?crop=focalpoint&fit=crop&auto=format%2Ccompress&q=75&sharp=10&fp-x=0.495075803815&fp-y=0.435761609614&s=ccbee724967dba457e380a2f656712c3,Wednesday at 6,6:00 PM,,eventbrite_chicago,general,0,firecrawl_scraped,2025-10-23T19:41:36.550385
Chicago · Parlay Lincoln Park,https://www.eventbrite.com/e/healthcare-and-business-networking-elevating-your-potential-lincoln-park-tickets-1596355475199?aff=ebdssbdestsearch,Wednesday at 6,6:00 PM,,eventbrite_chicago,general,0,firecrawl_scraped,2025-10-23T19:41:36.550477
Wednesday at 6:00 PM,https://img.evbuc.com/https%3A%2F%2Fcdn.evbuc.com%2Fimages%2F1096949263%2F2244249934723%2F1%2Foriginal.20250815-183207?crop=focalpoint&fit=crop&auto=format%2Ccompress&q=75&sharp=10&fp-x=0.495075803815&fp-y=0.435761609614&s=ccbee724967dba457e380a2f656712c3,Wednesday at 6,6:00 PM,,eventbrite_chicago,general,0,firecrawl_scraped,2025-10-23T19:41:36.550590
Chicago · Parlay Lincoln Park,https://www.eventbrite.com/e/healthcare-and-business-networking-elevating-your-potential-lincoln-park-tickets-1596355475199?aff=ebdssbdestsearch,Wednesday at 6,6:00 PM,,eventbrite_chicago,general,0,firecrawl_scraped,2025-10-23T19:41:36.550685
Wednesday at 6:00 PM,https://img.evbuc.com/https%3A%2F%2Fcdn.evbuc.com%2Fimages%2F918941433%2F2244249934723%2F1%2Foriginal.20241217-153949?crop=focalpoint&fit=crop&w=512&auto=format%2Ccompress&q=75&sharp=10&fp-x=0.495265151515&fp-y=0.469370860927&s=d459167f7df60adf2a7934b536ebe5f1,Wednesday at 6,6:00 PM,,eventbrite_chicago,general,0,firecrawl_scraped,2025-10-23T19:41:36.550794
Chicago · Parlay Lincoln Park,https://www.eventbrite.com/e/engineering-and-business-networking-elevating-your-potential-lincoln-park-tickets-1596355374899?aff=ebdssbdestsearch,Wednesday at 6,6:00 PM,,eventbrite_chicago,general,0,firecrawl_scraped,2025-10-23T19:41:36.550885
Wednesday at 6:00 PM,https://img.evbuc.com/https%3A%2F%2Fcdn.evbuc.com%2Fimages%2F918941433%2F2244249934723%2F1%2Foriginal.20241217-153949?crop=focalpoint&fit=crop&w=512&auto=format%2Ccompress&q=75&sharp=10&fp-x=0.495265151515&fp-y=0.469370860927&s=d459167f7df60adf2a7934b536ebe5f1,Wednesday at 6,6:00 PM,,eventbrite_chicago,general,0,firecrawl_scraped,2025-10-23T19:41:36.550993
Chicago · Parlay Lincoln Park,https://www.eventbrite.com/e/engineering-and-business-networking-elevating-your-potential-lincoln-park-tickets-1596355374899?aff=ebdssbdestsearch,Wednesday at 6,6:00 PM,,eventbrite_chicago,general,0,firecrawl_scraped,2025-10-23T19:41:36.551085
"Wed, Nov 26, 7:00 PM",https://img.evbuc.com/https%3A%2F%2Fcdn.evbuc.com%2Fimages%2F952001193%2F2171032696763%2F1%2Foriginal.20250204-042919?crop=focalpoint&fit=crop&w=512&auto=format%2Ccompress&q=75&sharp=10&fp-x=0.0719695813728&fp-y=0.12562185259&s=dc5294b42f4c45382b49dca908b7f827,"Wed, Nov 26",7:00 PM,,eventbrite_chicago,general,0,firecrawl_scraped,2025-10-23T19:41:36.551160
Chicago · Kubo Chicago,https://www.eventbrite.com/e/startup-pitch-event-chicago-tickets-1292026288409?aff=ebdssbdestsearch,"Wed, Nov 26",7:00 PM,,eventbrite_chicago,general,0,firecrawl_scraped,2025-10-23T19:41:36.551218
_Save this event: Startup Pitch Event Chicago__Share this event: Startup Pitch Event Chicago_,https://img.evbuc.com/https%3A%2F%2Fcdn.evbuc.com%2Fimages%2F952001193%2F2171032696763%2F1%2Foriginal.20250204-042919?crop=focalpoint&fit=crop&w=512&auto=format%2Ccompress&q=75&sharp=10&fp-x=0.0719695813728&fp-y=0.12562185259&s=dc5294b42f4c45382b49dca908b7f827,,,,eventbrite_chicago,tech_meetups,1,firecrawl_scraped,2025-10-23T19:41:36.551419
"Wed, Nov 26, 7:00 PM",https://img.evbuc.com/https%3A%2F%2Fcdn.evbuc.com%2Fimages%2F952001193%2F2171032696763%2F1%2Foriginal.20250204-042919?crop=focalpoint&fit=crop&w=512&auto=format%2Ccompress&q=75&sharp=10&fp-x=0.0719695813728&fp-y=0.12562185259&s=dc5294b42f4c45382b49dca908b7f827,"Wed, Nov 26",7:00 PM,,eventbrite_chicago,general,0,firecrawl_scraped,2025-10-23T19:41:36.551504
Chicago · Kubo Chicago,https://www.eventbrite.com/e/startup-pitch-event-chicago-tickets-1292026288409?aff=ebdssbdestsearch,"Wed, Nov 26",7:00 PM,,eventbrite_chicago,general,0,firecrawl_scraped,2025-10-23T19:41:36.551600
_Share this event: Startup Pitch Event Chicago__Save this event: Startup Pitch Event Chicago_,https://www.eventbrite.com/d/chicago/tech-events/,,,,eventbrite_chicago,tech_meetups,1,firecrawl_scraped,2025-10-23T19:41:36.551910
Tomorrow at 5:30 PM + 30 more,https://www.eventbrite.com/d/chicago/tech-events/,Tomorrow,5:30 PM,,eventbrite_chicago,general,0,firecrawl_scraped,2025-10-23T19:41:36.552064
Chicago · Hopsmith Chicago,https://www.eventbrite.com/d/chicago/tech-events/,Tomorrow,5:30 PM,,eventbrite_chicago,general,0,firecrawl_scraped,2025-10-23T19:41:36.552190
Tomorrow at 5:30 PM + 30 more,https://www.eventbrite.com/d/chicago/tech-events/,Tomorrow,5:30 PM,,eventbrite_chicago,general,0,firecrawl_scraped,2025-10-23T19:41:36.552333
Chicago · Hopsmith Chicago,https://img.evbuc.com/https%3A%2F%2Fcdn.evbuc.com%2Fimages%2F918937683%2F2244249934723%2F1%2Foriginal.20241217-153449?crop=focalpoint&fit=crop&w=512&auto=format%2Ccompress&q=75&sharp=10&fp-x=0.512310606061&fp-y=0.489238410596&s=0a4682d36dceb443f9bf1f194741a85f,Tomorrow,5:30 PM,,eventbrite_chicago,general,0,firecrawl_scraped,2025-10-23T19:41:36.552458
Wednesday at 6:00 PM,https://img.evbuc.com/https%3A%2F%2Fcdn.evbuc.com%2Fimages%2F918937683%2F2244249934723%2F1%2Foriginal.20241217-153449?crop=focalpoint&fit=crop&w=512&auto=format%2Ccompress&q=75&sharp=10&fp-x=0.512310606061&fp-y=0.489238410596&s=0a4682d36dceb443f9bf1f194741a85f,Wednesday at 6,6:00 PM,,eventbrite_chicago,general,0,firecrawl_scraped,2025-10-23T19:41:36.552573
Chicago · Parlay Lincoln Park,https://www.eventbrite.com/e/finance-and-business-networking-elevating-your-potential-lincoln-park-tickets-1596077493749?aff=ebdssbdestsearch,Wednesday at 6,6:00 PM,,eventbrite_chicago,general,0,firecrawl_scraped,2025-10-23T19:41:36.552667
Wednesday at 6:00 PM,https://img.evbuc.com/https%3A%2F%2Fcdn.evbuc.com%2Fimages%2F918937683%2F2244249934723%2F1%2Foriginal.20241217-153449?crop=focalpoint&fit=crop&w=512&auto=format%2Ccompress&q=75&sharp=10&fp-x=0.512310606061&fp-y=0.489238410596&s=0a4682d36dceb443f9bf1f194741a85f,Wednesday at 6,6:00 PM,,eventbrite_chicago,general,0,firecrawl_scraped,2025-10-23T19:41:36.552777
Chicago · Parlay Lincoln Park,https://www.eventbrite.com/e/finance-and-business-networking-elevating-your-potential-lincoln-park-tickets-1596077493749?aff=ebdssbdestsearch,Wednesday at 6,6:00 PM,,eventbrite_chicago,general,0,firecrawl_scraped,2025-10-23T19:41:36.552870
View 2 similar results,https://www.eventbrite.com/ttd/il--chicago/,,,,eventbrite_chicago,general,0,firecrawl_scraped,2025-10-23T19:41:36.552960
[Trends in Chicago](https://www.eventbrite.com/trending/searches/il--chicago/),https://www.eventbrite.com/ttd/il--rolling-meadows/,,,,eventbrite_chicago,general,0,firecrawl_scraped,2025-10-23T19:41:36.553081
EventsGroups,https://www.meetup.com/find/?location=us--ny--new-york&source=EVENTS#main,,,EventsGroups,meetup_nyc,general,0,firecrawl_scraped,2025-10-23T19:41:39.296994
"Events near New York, NY",https://www.meetup.com/find/?location=us--ny--new-york&source=EVENTS#main,,,,meetup_nyc,general,0,firecrawl_scraped,2025-10-23T19:41:39.297063
Within 18 miles,https://www.meetup.com/find/?location=us--ny--new-york&source=EVENTS,,,,meetup_nyc,general,0,firecrawl_scraped,2025-10-23T19:41:39.297153
![pizza icon](https://secure.meetupstatic.com/next/images/complex-icons/branded/pizza.webp?w=64),https://www.meetup.com/find/?location=us--ny--new-york&source=EVENTS,,,,meetup_nyc,general,0,firecrawl_scraped,2025-10-23T19:41:39.297240
Social Activities,https://www.meetup.com/find/?location=us--ny--new-york&source=EVENTS,,,,meetup_nyc,general,0,firecrawl_scraped,2025-10-23T19:41:39.297360
![toy icon](https://secure.meetupstatic.com/next/images/complex-icons/branded/toy.webp?w=64),https://www.meetup.com/find/?location=us--ny--new-york&source=EVENTS,,,,meetup_nyc,general,0,firecrawl_scraped,2025-10-23T19:41:39.297470
Hobbies & Passions,https://www.meetup.com/find/?location=us--ny--new-york&source=EVENTS,,,,meetup_nyc,general,0,firecrawl_scraped,2025-10-23T19:41:39.297590
![ball icon](https://secure.meetupstatic.com/next/images/complex-icons/branded/ball.webp?w=64),https://www.meetup.com/find/?location=us--ny--new-york&source=EVENTS,,,,meetup_nyc,general,0,firecrawl_scraped,2025-10-23T19:41:39.297699
Sports & Fitness,https://www.meetup.com/find/?location=us--ny--new-york&source=EVENTS,,,,meetup_nyc,general,0,firecrawl_scraped,2025-10-23T19:41:39.297818
![tree icon](https://secure.meetupstatic.com/next/images/complex-icons/branded/tree.webp?w=64),https://www.meetup.com/find/?location=us--ny--new-york&source=EVENTS,,,,meetup_nyc,general,0,firecrawl_scraped,2025-10-23T19:41:39.297901
Travel & Outdoor,https://www.meetup.com/find/?location=us--ny--new-york&source=EVENTS,,,,meetup_nyc,general,0,firecrawl_scraped,2025-10-23T19:41:39.298024
Career & Business,https://www.meetup.com/find/?location=us--ny--new-york&source=EVENTS,,,,meetup_nyc,general,0,firecrawl_scraped,2025-10-23T19:41:39.298151
Community & Environment,https://www.meetup.com/find/?location=us--ny--new-york&source=EVENTS,,,,meetup_nyc,sustainability,1,firecrawl_scraped,2025-10-23T19:41:39.298279
![world icon](https://secure.meetupstatic.com/next/images/complex-icons/branded/world.webp?w=64),https://www.meetup.com/find/?location=us--ny--new-york&source=EVENTS,,,,meetup_nyc,general,0,firecrawl_scraped,2025-10-23T19:41:39.298367
Identity & Language,https://www.meetup.com/find/?location=us--ny--new-york&source=EVENTS,,,,meetup_nyc,general,0,firecrawl_scraped,2025-10-23T19:41:39.298491
![heart icon](https://secure.meetupstatic.com/next/images/complex-icons/branded/heart.webp?w=64),https://www.meetup.com/find/?location=us--ny--new-york&source=EVENTS,,,,meetup_nyc,general,0,firecrawl_scraped,2025-10-23T19:41:39.298572
Support & Coaching,https://www.meetup.com/find/?location=us--ny--new-york&source=EVENTS,,,,meetup_nyc,general,0,firecrawl_scraped,2025-10-23T19:41:39.298692
![music icon](https://secure.meetupstatic.com/next/images/complex-icons/branded/music.webp?w=64),https://www.meetup.com/find/?location=us--ny--new-york&source=EVENTS,,,,meetup_nyc,general,0,firecrawl_scraped,2025-10-23T19:41:39.298774
Health & Wellbeing,https://www.meetup.com/find/?location=us--ny--new-york&source=EVENTS,,,,meetup_nyc,general,0,firecrawl_scraped,2025-10-23T19:41:39.298907
Art & Culture,https://www.meetup.com/find/?location=us--ny--new-york&source=EVENTS,,,,meetup_nyc,general,0,firecrawl_scraped,2025-10-23T19:41:39.299030
![potion icon](https://secure.meetupstatic.com/next/images/complex-icons/branded/potion.webp?w=64),https://www.meetup.com/find/?location=us--ny--new-york&source=EVENTS,,,,meetup_nyc,general,0,firecrawl_scraped,2025-10-23T19:41:39.299115
Science & Education,https://www.meetup.com/find/?location=us--ny--new-york&source=EVENTS,,,,meetup_nyc,general,0,firecrawl_scraped,2025-10-23T19:41:39.299234
![cat icon](https://secure.meetupstatic.com/next/images/complex-icons/branded/cat.webp?w=64),https://www.meetup.com/find/?location=us--ny--new-york&source=EVENTS,,,,meetup_nyc,general,0,firecrawl_scraped,2025-10-23T19:41:39.299314
Pets & Animals,https://www.meetup.com/find/?location=us--ny--new-york&source=EVENTS,,,,meetup_nyc,general,0,firecrawl_scraped,2025-10-23T19:41:39.299429
![pray icon](https://secure.meetupstatic.com/next/images/complex-icons/branded/pray.webp?w=64),https://www.meetup.com/find/?location=us--ny--new-york&source=EVENTS,,,,meetup_nyc,general,0,firecrawl_scraped,2025-10-23T19:41:39.299513
Religion & Spirituality,https://www.meetup.com/find/?location=us--ny--new-york&source=EVENTS,,,,meetup_nyc,general,0,firecrawl_scraped,2025-10-23T19:41:39.299636
![child icon](https://secure.meetupstatic.com/next/images/complex-icons/branded/child.webp?w=64),https://www.meetup.com/find/?location=us--ny--new-york&source=EVENTS,,,,meetup_nyc,general,0,firecrawl_scraped,2025-10-23T19:41:39.299716
Parents & Family,https://www.meetup.com/find/?location=us--ny--new-york&source=EVENTS,,,,meetup_nyc,general,0,firecrawl_scraped,2025-10-23T19:41:39.299834
![fist icon](https://secure.meetupstatic.com/next/images/complex-icons/branded/fist.webp?w=64),https://www.meetup.com/find/?location=us--ny--new-york&source=EVENTS,,,,meetup_nyc,general,0,firecrawl_scraped,2025-10-23T19:41:39.299917
Movements & Politics,https://www.meetup.com/find/?location=us--ny--new-york&source=EVENTS,,,,meetup_nyc,general,0,firecrawl_scraped,2025-10-23T19:41:39.300000
"Sat, Nov 15 · 2:00 PM EST\\",https://www.meetup.com/find/?location=us--ny--new-york&source=EVENTS,"Sat, Nov 15",2:00 PM,,meetup_nyc,general,0,firecrawl_scraped,2025-10-23T19:41:39.300044
Scenic Stitches: Tribeca \\,https://www.meetup.com/find/?location=us--ny--new-york&source=EVENTS,,,,meetup_nyc,general,0,firecrawl_scraped,2025-10-23T19:41:39.300086
by NYC Knitters\\,https://www.meetup.com/find/?location=us--ny--new-york&source=EVENTS,,,,meetup_nyc,general,0,firecrawl_scraped,2025-10-23T19:41:39.300121
"Sat, Nov 8 · 11:00 AM EST\\",https://www.meetup.com/find/?location=us--ny--new-york&source=EVENTS,"Sat, Nov 8",11:00 AM,,meetup_nyc,general,0,firecrawl_scraped,2025-10-23T19:41:39.300162
Sketch Central Park's Fall Leaves! \\,https://www.meetup.com/find/?location=us--ny--new-york&source=EVENTS,,,,meetup_nyc,general,0,firecrawl_scraped,2025-10-23T19:41:39.300209
by Central Park Sketching & Art Meetup Group\\,https://www.meetup.com/find/?location=us--ny--new-york&source=EVENTS,,,,meetup_nyc,general,0,firecrawl_scraped,2025-10-23T19:41:39.300257
"Tue, Oct 28 · 6:00 PM EDT\\",https://www.meetup.com/find/?location=us--ny--new-york&source=EVENTS,"Tue, Oct 28",6:00 PM,,meetup_nyc,general,0,firecrawl_scraped,2025-10-23T19:41:39.300299
New York dbt Meetup \| The Lego Approach \\,https://www.meetup.com/find/?location=us--ny--new-york&source=EVENTS,,,,meetup_nyc,general,0,firecrawl_scraped,2025-10-23T19:41:39.300347
by New York dbt Meetup\\,https://www.meetup.com/find/?location=us--ny--new-york&source=EVENTS,,,,meetup_nyc,general,0,firecrawl_scraped,2025-10-23T19:41:39.300385
"Tue, Oct 28 · 6:45 PM EDT\\",https://www.meetup.com/find/?location=us--ny--new-york&source=EVENTS,"Tue, Oct 28",6:45 PM,,meetup_nyc,general,0,firecrawl_scraped,2025-10-23T19:41:39.300426
\*In Person\* Practice and improve your public speaking skills! \\,https://www.meetup.com/find/?location=us--ny--new-york&source=EVENTS,,,,meetup_nyc,general,0,firecrawl_scraped,2025-10-23T19:41:39.300492
by Greenspeakers Toastmasters Club - Practice Public Speaking\\,https://www.meetup.com/find/?location=us--ny--new-york&source=EVENTS,,,,meetup_nyc,general,0,firecrawl_scraped,2025-10-23T19:41:39.300549
"Monthly • Tue, Nov 11 · 5:30 PM EST\\",https://www.meetup.com/find/?location=us--ny--new-york&source=EVENTS,"Tue, Nov 11",5:30 PM,,meetup_nyc,general,0,firecrawl_scraped,2025-10-23T19:41:39.300609
AI/ML Conversations Meetup: TBD \\,https://www.meetup.com/find/?location=us--ny--new-york&source=EVENTS,,,,meetup_nyc,ai_events,1,firecrawl_scraped,2025-10-23T19:41:39.300656
by New York AI/ML Conversations\\,https://www.meetup.com/find/?location=us--ny--new-york&source=EVENTS,,,,meetup_nyc,ai_events,1,firecrawl_scraped,2025-10-23T19:41:39.300699
"Sun, Oct 26 · 7:30 AM EDT\\",https://www.meetup.com/find/?location=us--ny--new-york&source=EVENTS,"Sun, Oct 26",7:30 AM,,meetup_nyc,general,0,firecrawl_scraped,2025-10-23T19:41:39.300739
Bear Mountain Free hike \\,https://www.meetup.com/find/?location=us--ny--new-york&source=EVENTS,,,,meetup_nyc,ai_events,1,firecrawl_scraped,2025-10-23T19:41:39.300772
by Neverwinter Free Hiking and Cycling\\,https://www.meetup.com/find/?location=us--ny--new-york&source=EVENTS,,,,meetup_nyc,general,0,firecrawl_scraped,2025-10-23T19:41:39.300809
Rokt - Controller,https://www.meetup.com/neverwinter-free-hiking-and-cycling/events/307517709/?recId=68b54ac4-2f44-4f65-9d4d-e6ea70419206&recSource=ml-popular-events-nearby-offline&searchId=1e94c01e-e752-4ca6-a302-94eb46d4d5e7&eventOrigin=find_page%24all,,,,meetup_nyc,general,0,firecrawl_scraped,2025-10-23T19:41:39.300955
LiveRamp Session Transfer,https://www.meetup.com/neverwinter-free-hiking-and-cycling/events/307517709/?recId=68b54ac4-2f44-4f65-9d4d-e6ea70419206&recSource=ml-popular-events-nearby-offline&searchId=1e94c01e-e752-4ca6-a302-94eb46d4d5e7&eventOrigin=find_page%24all,,,,meetup_nyc,general,0,firecrawl_scraped,2025-10-23T19:41:39.300997
StripeM-Inner,https://www.meetup.com/find/?location=us--ny--new-york&source=EVENTS,,,,meetup_nyc,general,0,firecrawl_scraped,2025-10-23T19:41:39.301021
EventsGroups,https://www.meetup.com/find/?location=us--ca--san-francisco&source=EVENTS#main,,,EventsGroups,meetup_sf,general,0,firecrawl_scraped,2025-10-23T19:41:46.568611
"Events near San Francisco, CA",https://www.meetup.com/find/?location=us--ca--san-francisco&source=EVENTS#main,,,,meetup_sf,general,0,firecrawl_scraped,2025-10-23T19:41:46.568693
Within 18 miles,https://www.meetup.com/find/?location=us--ca--san-francisco&source=EVENTS,,,,meetup_sf,general,0,firecrawl_scraped,2025-10-23T19:41:46.568783
![pizza icon](https://secure.meetupstatic.com/next/images/complex-icons/branded/pizza.webp?w=64),https://www.meetup.com/find/?location=us--ca--san-francisco&source=EVENTS,,,,meetup_sf,general,0,firecrawl_scraped,2025-10-23T19:41:46.568870
Social Activities,https://www.meetup.com/find/?location=us--ca--san-francisco&source=EVENTS,,,,meetup_sf,general,0,firecrawl_scraped,2025-10-23T19:41:46.568990
![toy icon](https://secure.meetupstatic.com/next/images/complex-icons/branded/toy.webp?w=64),https://www.meetup.com/find/?location=us--ca--san-francisco&source=EVENTS,,,,meetup_sf,general,0,firecrawl_scraped,2025-10-23T19:41:46.569076
Hobbies & Passions,https://www.meetup.com/find/?location=us--ca--san-francisco&source=EVENTS,,,,meetup_sf,general,0,firecrawl_scraped,2025-10-23T19:41:46.569195
![ball icon](https://secure.meetupstatic.com/next/images/complex-icons/branded/ball.webp?w=64),https://www.meetup.com/find/?location=us--ca--san-francisco&source=EVENTS,,,,meetup_sf,general,0,firecrawl_scraped,2025-10-23T19:41:46.569279
Sports & Fitness,https://www.meetup.com/find/?location=us--ca--san-francisco&source=EVENTS,,,,meetup_sf,general,0,firecrawl_scraped,2025-10-23T19:41:46.569397
![tree icon](https://secure.meetupstatic.com/next/images/complex-icons/branded/tree.webp?w=64),https://www.meetup.com/find/?location=us--ca--san-francisco&source=EVENTS,,,,meetup_sf,general,0,firecrawl_scraped,2025-10-23T19:41:46.569480
Travel & Outdoor,https://www.meetup.com/find/?location=us--ca--san-francisco&source=EVENTS,,,,meetup_sf,general,0,firecrawl_scraped,2025-10-23T19:41:46.569601
Career & Business,https://www.meetup.com/find/?location=us--ca--san-francisco&source=EVENTS,,,,meetup_sf,general,0,firecrawl_scraped,2025-10-23T19:41:46.569728
Community & Environment,https://www.meetup.com/find/?location=us--ca--san-francisco&source=EVENTS,,,,meetup_sf,sustainability,1,firecrawl_scraped,2025-10-23T19:41:46.569855
![world icon](https://secure.meetupstatic.com/next/images/complex-icons/branded/world.webp?w=64),https://www.meetup.com/find/?location=us--ca--san-francisco&source=EVENTS,,,,meetup_sf,general,0,firecrawl_scraped,2025-10-23T19:41:46.569943
Identity & Language,https://www.meetup.com/find/?location=us--ca--san-francisco&source=EVENTS,,,,meetup_sf,general,0,firecrawl_scraped,2025-10-23T19:41:46.570068
![heart icon](https://secure.meetupstatic.com/next/images/complex-icons/branded/heart.webp?w=64),https://www.meetup.com/find/?location=us--ca--san-francisco&source=EVENTS,,,,meetup_sf,general,0,firecrawl_scraped,2025-10-23T19:41:46.570149
Support & Coaching,https://www.meetup.com/find/?location=us--ca--san-francisco&source=EVENTS,,,,meetup_sf,general,0,firecrawl_scraped,2025-10-23T19:41:46.570268
![music icon](https://secure.meetupstatic.com/next/images/complex-icons/branded/music.webp?w=64),https://www.meetup.com/find/?location=us--ca--san-francisco&source=EVENTS,,,,meetup_sf,general,0,firecrawl_scraped,2025-10-23T19:41:46.570347
Health & Wellbeing,https://www.meetup.com/find/?location=us--ca--san-francisco&source=EVENTS,,,,meetup_sf,general,0,firecrawl_scraped,2025-10-23T19:41:46.570479
Art & Culture,https://www.meetup.com/find/?location=us--ca--san-francisco&source=EVENTS,,,,meetup_sf,general,0,firecrawl_scraped,2025-10-23T19:41:46.570605
![potion icon](https://secure.meetupstatic.com/next/images/complex-icons/branded/potion.webp?w=64),https://www.meetup.com/find/?location=us--ca--san-francisco&source=EVENTS,,,,meetup_sf,general,0,firecrawl_scraped,2025-10-23T19:41:46.570689
Science & Education,https://www.meetup.com/find/?location=us--ca--san-francisco&source=EVENTS,,,,meetup_sf,general,0,firecrawl_scraped,2025-10-23T19:41:46.570809
![cat icon](https://secure.meetupstatic.com/next/images/complex-icons/branded/cat.webp?w=64),https://www.meetup.com/find/?location=us--ca--san-francisco&source=EVENTS,,,,meetup_sf,general,0,firecrawl_scraped,2025-10-23T19:41:46.570890
Pets & Animals,https://www.meetup.com/find/?location=us--ca--san-francisco&source=EVENTS,,,,meetup_sf,general,0,firecrawl_scraped,2025-10-23T19:41:46.571006
![pray icon](https://secure.meetupstatic.com/next/images/complex-icons/branded/pray.webp?w=64),https://www.meetup.com/find/?location=us--ca--san-francisco&source=EVENTS,,,,meetup_sf,general,0,firecrawl_scraped,2025-10-23T19:41:46.571092
Religion & Spirituality,https://www.meetup.com/find/?location=us--ca--san-francisco&source=EVENTS,,,,meetup_sf,general,0,firecrawl_scraped,2025-10-23T19:41:46.571214
![child icon](https://secure.meetupstatic.com/next/images/complex-icons/branded/child.webp?w=64),https://www.meetup.com/find/?location=us--ca--san-francisco&source=EVENTS,,,,meetup_sf,general,0,firecrawl_scraped,2025-10-23T19:41:46.571292
Parents & Family,https://www.meetup.com/find/?location=us--ca--san-francisco&source=EVENTS,,,,meetup_sf,general,0,firecrawl_scraped,2025-10-23T19:41:46.571413
![fist icon](https://secure.meetupstatic.com/next/images/complex-icons/branded/fist.webp?w=64),https://www.meetup.com/find/?location=us--ca--san-francisco&source=EVENTS,,,,meetup_sf,general,0,firecrawl_scraped,2025-10-23T19:41:46.571512
Movements & Politics,https://www.meetup.com/find/?location=us--ca--san-francisco&source=EVENTS,,,,meetup_sf,general,0,firecrawl_scraped,2025-10-23T19:41:46.571667
"Monthly • Mon, Nov 10 · 6:00 PM PST\\",https://www.meetup.com/find/?location=us--ca--san-francisco&source=EVENTS,"Mon, Nov 10",6:00 PM,,meetup_sf,general,0,firecrawl_scraped,2025-10-23T19:41:46.571727
Zumba at SF Park (No Cost) \\,https://www.meetup.com/find/?location=us--ca--san-francisco&source=EVENTS,,,,meetup_sf,general,0,firecrawl_scraped,2025-10-23T19:41:46.571771
by SF Kinda Active Club\\,https://www.meetup.com/find/?location=us--ca--san-francisco&source=EVENTS,,,,meetup_sf,general,0,firecrawl_scraped,2025-10-23T19:41:46.571810
"Thu, Oct 23 · 8:00 PM PDT\\",https://www.meetup.com/find/?location=us--ca--san-francisco&source=EVENTS,"Thu, Oct 23",8:00 PM,,meetup_sf,general,0,firecrawl_scraped,2025-10-23T19:41:46.571855
"Oct 23rd - 🌴 Secret Halloween Tiki Bar Social🍹& New Friends @ North Beach, S.F \\",https://www.meetup.com/find/?location=us--ca--san-francisco&source=EVENTS,,,,meetup_sf,general,0,firecrawl_scraped,2025-10-23T19:41:46.571942
by San Francisco Socials\\,https://www.meetup.com/find/?location=us--ca--san-francisco&source=EVENTS,,,,meetup_sf,general,0,firecrawl_scraped,2025-10-23T19:41:46.571983
"Sat, Oct 25 · 7:00 PM PDT\\",https://www.meetup.com/find/?location=us--ca--san-francisco&source=EVENTS,"Sat, Oct 25",7:00 PM,,meetup_sf,general,0,firecrawl_scraped,2025-10-23T19:41:46.572025
🎃 SF Halloween Pub Crawl 2025 🎃 \\,https://www.meetup.com/find/?location=us--ca--san-francisco&source=EVENTS,,,,meetup_sf,general,0,firecrawl_scraped,2025-10-23T19:41:46.572079
by Bay Area Active & Social - 20s & 30s\\,https://www.meetup.com/find/?location=us--ca--san-francisco&source=EVENTS,,,,meetup_sf,general,0,firecrawl_scraped,2025-10-23T19:41:46.572125
"Thu, Oct 23 · 7:45 PM PDT\\",https://www.meetup.com/find/?location=us--ca--san-francisco&source=EVENTS,"Thu, Oct 23",7:45 PM,,meetup_sf,general,0,firecrawl_scraped,2025-10-23T19:41:46.572165
"Cheaper Than Therapy, Stand-up Comedy, Shelton Theater, Union Square, SF \\",https://www.meetup.com/find/?location=us--ca--san-francisco&source=EVENTS,,,,meetup_sf,general,0,firecrawl_scraped,2025-10-23T19:41:46.572230
by I Wanna Do It But Not Alone\\,https://www.meetup.com/find/?location=us--ca--san-francisco&source=EVENTS,,,,meetup_sf,general,0,firecrawl_scraped,2025-10-23T19:41:46.572270
"Fri, Oct 24 · 6:00 PM PDT\\",https://www.meetup.com/find/?location=us--ca--san-francisco&source=EVENTS,"Fri, Oct 24",6:00 PM,,meetup_sf,general,0,firecrawl_scraped,2025-10-23T19:41:46.572302
Friday Happy Hour Speed Dating SF \| Ages 25-45 \\,https://www.meetup.com/find/?location=us--ca--san-francisco&source=EVENTS,,,,meetup_sf,general,0,firecrawl_scraped,2025-10-23T19:41:46.572346
"by Bay Area Speed Dating, Mixers & Matchmaking\\",https://www.meetup.com/find/?location=us--ca--san-francisco&source=EVENTS,,,,meetup_sf,general,0,firecrawl_scraped,2025-10-23T19:41:46.572386
"Wed, Oct 29 · 6:30 PM PDT\\",https://www.meetup.com/find/?location=us--ca--san-francisco&source=EVENTS,"Wed, Oct 29",6:30 PM,,meetup_sf,general,0,firecrawl_scraped,2025-10-23T19:41:46.572421
Professional Mixer for ones into Productivity \\,https://www.meetup.com/find/?location=us--ca--san-francisco&source=EVENTS,,,,meetup_sf,general,0,firecrawl_scraped,2025-10-23T19:41:46.572463
by Gist Professional Club\\,https://www.meetup.com/find/?location=us--ca--san-francisco&source=EVENTS,,,,meetup_sf,general,0,firecrawl_scraped,2025-10-23T19:41:46.572495
Rokt - Controller,https://www.meetup.com/gist-professional-club/events/310839312/?recId=5a3fb5f4-b679-494b-ac19-6e17a58bc52c&recSource=ml-popular-events-nearby-offline&searchId=d093c8c4-a441-4349-921d-2e08a5acd1fe&eventOrigin=find_page%24all,,,,meetup_sf,general,0,firecrawl_scraped,2025-10-23T19:41:46.572637
LiveRamp Session Transfer,https://www.meetup.com/gist-professional-club/events/310839312/?recId=5a3fb5f4-b679-494b-ac19-6e17a58bc52c&recSource=ml-popular-events-nearby-offline&searchId=d093c8c4-a441-4349-921d-2e08a5acd1fe&eventOrigin=find_page%24all,,,,meetup_sf,general,0,firecrawl_scraped,2025-10-23T19:41:46.572678
StripeM-Inner,https://www.meetup.com/find/?location=us--ca--san-francisco&source=EVENTS,,,,meetup_sf,general,0,firecrawl_scraped,2025-10-23T19:41:46.572701
